run,airline,num flights,initial,max_reduction,udpp,model,offers
0,total,50,21207.611631291948,17393.215806656313,19134.07617495087,18940.794998023463,3
0,D,5,1663.369448889019,1648.061305599515,1546.7148479452362,1546.7148479452364,0
0,H,3,1184.4041886710365,1137.3736610167325,1184.4041886710365,1184.4041886710365,0
0,M,1,1.2228226728075613,0.0,1.2228226728075613,1.2228226728075613,0
0,J,2,308.70963188414015,296.34198446843243,308.70963188414015,308.70963188414015,0
0,N,1,8.780211353265843,8.780211353265843,8.780211353265843,8.780211353265843,0
0,F,4,192.46484720894333,185.05249112476383,155.63296411924887,155.63296411924887,0
0,B,6,2126.970593322742,2126.1284699029165,2109.460518389933,2077.3985860586986,1
0,A,7,3326.2183492385493,3129.7669135674373,2972.712673408842,2949.7657073388195,1
0,E,5,2209.958550587645,2200.3167264300005,1755.6886418514493,1661.6211509401014,1
0,I,3,880.9968011345055,873.4758527376176,744.6937155385028,744.6937155385028,0
0,C,5,2026.2500530231378,2020.2228660417204,1769.4650133705666,1737.9935203217597,2
0,L,1,291.7587044707171,72.93967611767927,291.7587044707171,291.7587044707171,0
0,K,2,1187.4543136139555,943.6224115709542,1187.4543136139555,1174.721019047957,1
0,G,4,3984.04441984783,2335.9800190689252,3282.369232287513,3282.3692322875136,0
0,O,1,1815.0086953736566,415.1532176563562,1815.0086953736566,1815.0086953736566,0
1,total,50,22736.69373496781,18804.31355541064,20362.488865312866,20362.488865312862,0
1,L,2,378.85402349503784,378.85402349503784,378.85402349503784,378.85402349503784,0
1,E,5,3184.207612386297,3012.763416946944,2675.5125583318013,2675.5125583318013,0
1,A,7,2120.9127740639374,2099.560477930831,2040.3406860732875,2040.3406860732875,0
1,K,2,391.53948337004937,88.72621670104886,391.53948337004937,391.53948337004937,0
1,H,3,1261.7254213022136,1253.5396065176233,1261.7254213022136,1261.7254213022136,0
1,C,5,1539.4875971526,1497.682349859365,1353.0296527712426,1353.0296527712426,0
1,N,1,59.75344445599793,18.44242112839442,36.14714541165307,36.14714541165307,0
1,O,1,41.3617761459979,41.3617761459979,41.3617761459979,41.3617761459979,0
1,G,4,2532.8757111429722,2504.178958458232,2242.84462493559,2242.84462493559,0
1,I,2,347.45839336841954,344.9211739054325,347.45839336841954,347.45839336841954,0
1,B,6,2403.703351260384,2390.0367306710114,2205.6712519693638,2205.6712519693638,0
1,F,4,2452.2195382324576,2443.6620776855502,1924.4841856492437,1924.4841856492437,0
1,D,5,4477.268242617577,2086.4183206273156,3918.1932965150986,3918.1932965150986,0
1,J,2,1365.529724342354,464.3693637063559,1365.529724342354,1365.529724342354,0
1,M,1,179.79664163150977,179.79664163150977,179.79664163150977,179.79664163150977,0
2,total,50,25116.572680113313,19600.274523691583,21802.096727735236,21536.840713649315,1
2,J,2,113.08266530927783,32.78728165771961,113.08266530927783,113.08266530927783,0
2,E,5,2775.0226405761605,2757.213824724674,1871.337723373352,1871.3377233733522,0
2,N,1,3.2028446487697817,3.2028446487697817,3.2028446487697817,3.2028446487697817,0
2,B,6,3096.37885869793,3094.6499070497994,2404.203492141911,2404.203492141911,0
2,O,1,4.767374960875519,4.767374960875519,4.767374960875519,4.767374960875519,0
2,A,7,3237.0038471354414,3223.4225275374183,2928.1570608681213,2914.1635885487844,1
2,I,3,754.211748016801,303.6291363595228,754.211748016801,754.211748016801,0
2,D,5,2088.291741158201,2073.000815106644,1790.74774061364,1790.74774061364,0
2,H,3,485.9300119194038,175.0766422168587,485.9300119194038,485.9300119194038,0
2,F,4,1721.9249141412208,1711.8048503800105,1721.9249141412208,1470.6623723746393,1
2,K,2,1096.2829114626209,189.24095760286215,1096.2829114626209,1096.2829114626209,0
2,C,6,5218.30579261142,3948.561059503031,4111.762472027487,4111.762472027488,0
2,L,1,216.6301573534172,216.6301573534172,216.6301573534172,216.6301573534172,0
2,M,1,326.61015143752087,326.61015143752087,326.61015143752087,326.61015143752087,0
2,G,3,3978.927020684258,1539.6769931524623,3973.2454594608166,3973.2454594608166,0
3,total,50,22228.773092683055,17188.390984246034,18563.563265794437,18507.038798875405,2
3,B,7,1475.127527241972,1472.7998432099805,1301.0326004408926,1300.067199421755,1
3,G,3,1769.5068814921835,1652.154578145504,1769.5068814921835,1769.5068814921835,0
3,I,2,572.3481958958077,572.3481958958077,572.3481958958077,572.3481958958077,0
3,J,2,158.5103817275912,102.95987378155971,128.99917438126198,128.99917438126198,0
3,C,6,3124.6527291080865,1729.1450023434452,2620.945048639772,2605.913332358058,1
3,L,1,18.78810672446653,18.78810672446653,18.78810672446653,18.78810672446653,0
3,A,7,3712.1082450423246,2006.3931251211907,2793.813563553736,2789.498131563818,1
3,D,5,1793.042319767866,1784.5705749345393,1535.0065715332762,1535.0065715332762,0
3,H,3,1142.312258916635,1141.8376560798692,1142.312258916635,1142.312258916635,0
3,F,5,2671.809073882253,1954.2199928017294,1839.738204522687,1803.5262868944237,1
3,E,5,4016.25871922368,3635.5368309354853,3066.7640060335248,3066.764006033525,0
3,K,1,144.14795503949932,144.14795503949932,144.14795503949932,144.14795503949932,0
3,O,1,261.16807340352153,261.16807340352153,261.16807340352153,261.16807340352153,0
3,M,1,738.7553805612021,82.0839311734669,738.7553805612021,738.7553805612021,0
3,N,1,630.2372446559682,630.2372446559682,630.2372446559682,630.2372446559682,0
4,total,50,20199.278241705088,16882.122744305525,18469.489168165237,18318.335151845713,1
4,I,2,33.61638321533062,33.61638321533062,33.61638321533062,33.61638321533062,0
4,E,4,862.1125637012797,243.1581584087956,862.1125637012797,862.1125637012797,0
4,B,8,2848.516309211677,2847.9275414783942,2351.868259168868,2351.868259168868,0
4,D,6,2006.8706260781328,2000.8596042993731,1794.7126908499124,1794.7126908499124,0
4,F,3,814.3398287868661,804.9046724584906,814.3398287868661,721.7808483886736,1
4,H,3,411.7917802989394,407.85542495520696,350.41508391333423,350.41508391333423,0
4,J,2,671.7781195821168,662.3945459058101,671.7781195821168,671.7781195821168,0
4,N,1,85.57264609957917,34.65338561057339,85.57264609957917,85.57264609957917,0
4,M,1,114.99123973708569,114.99123973708569,114.99123973708569,114.99123973708569,0
4,A,8,5324.054379014202,3366.654067103094,4955.419602186723,4955.419602186723,0
4,G,3,1971.1668489628923,1782.475331610735,1929.4563504805958,1870.8613145592622,1
4,C,6,3189.4745002645604,3178.6600012983863,2640.2133836911225,2640.2133836911225,0
4,L,1,314.9212358318623,314.9212358318623,314.9212358318623,314.9212358318623,0
4,O,1,811.4228016479996,350.40217311983,811.4228016479996,811.4228016479996,0
4,K,1,738.6489792725631,738.6489792725631,738.6489792725631,738.6489792725631,0
5,total,50,25830.5280871656,22419.25426592171,24594.175281544125,24214.690829784548,2
5,B,6,3546.4782770863485,3545.4648320088977,3293.8715647565336,3293.871564756534,0
5,H,3,1792.2234363219982,958.9028853303575,1792.2234363219982,1792.2234363219982,0
5,D,5,2489.3028438510332,2475.4190851055682,2277.4471932896467,2277.4471932896463,0
5,F,5,4060.0827550423774,2322.773944569174,4060.0827550423774,4060.0827550423774,0
5,C,5,1755.10907799792,1739.3365053616274,1700.3317045313333,1698.5807647600188,1
5,I,3,112.43559456399387,101.92076803510736,112.43559456399387,112.43559456399387,0
5,E,5,2100.6647366752127,2098.3322932122483,1911.3621170379984,1647.4407457190987,1
5,A,7,4433.9672041681115,4426.070213987309,4053.577209531148,3961.372604143975,1
5,K,2,462.2689793487406,188.05346973143824,406.64994269421317,406.64994269421317,0
5,G,3,776.6088667642099,766.8797372217848,746.7153930081499,746.7153930081499,0
5,M,1,158.1646822670268,158.1646822670268,158.1646822670268,158.1646822670268,0
5,J,2,602.0633715487734,601.3343298192411,540.1554269698552,518.547891687662,1
5,O,1,453.8721472174604,453.8721472174604,453.8721472174604,453.8721472174604,0
5,L,1,1404.7295335328508,1404.7295335328508,1404.7295335328508,1404.7295335328508,0
5,N,1,1682.5565807795444,1177.9998385216218,1682.5565807795444,1682.5565807795444,0
6,total,50,19299.13777294595,17080.367848601316,17858.12694968448,17775.351831688346,1
6,K,2,811.6293526532717,799.4789575958071,811.6293526532717,811.6293526532717,0
6,C,5,645.8181132700693,638.4716148230484,639.3499530228054,639.3499530228054,0
6,F,4,1654.5980312922795,1299.1882908673576,1651.5685028369342,1651.5685028369342,0
6,A,8,2975.8383048373153,2959.634198997009,2633.3322615282277,2624.0867241323967,1
6,G,3,1291.0599778171447,914.8862517146822,1275.9981451893354,1275.9981451893354,0
6,L,2,770.7509600913468,744.8393876203711,770.7509600913468,770.7509600913468,0
6,H,3,352.47528234772517,347.63079869166216,352.47528234772517,352.47528234772517,0
6,I,3,630.6298079057772,598.9247247169758,620.0951246245462,620.0951246245462,0
6,M,1,39.0038229373161,39.0038229373161,39.0038229373161,39.0038229373161,0
6,D,5,2972.4927050573156,1844.369467668308,2434.7347094029906,2434.734709402991,0
6,E,4,1912.5961827928277,1905.6878421295564,1727.0624417155805,1653.5328611152827,1
6,J,2,866.826660325367,848.2774447730102,866.826660325367,866.826660325367,0
6,B,6,3333.886722630498,3315.995562957358,2993.7678840213316,2993.7678840213316,0
6,N,1,391.5942585819174,174.0418927030744,391.5942585819174,391.5942585819174,0
6,O,1,649.9375904057787,649.9375904057787,649.9375904057787,649.9375904057787,0
7,total,50,21637.558214376608,17059.632077324797,19230.045482457113,0.0,12
7,G,4,1914.5306056649297,1017.8695508099602,1914.5306056649297,0.0,1
7,K,2,601.3809593302955,601.3809593302955,601.3809593302955,0.0,1
7,A,6,3079.4450095173916,3078.329781113498,2513.084273968121,0.0,3
7,E,5,1112.3453230134107,1104.3470843376545,1108.4942357214013,0.0,2
7,H,3,565.6960749446179,331.747189030222,565.6960749446179,0.0,1
7,C,6,2618.6468981992693,2606.689819241695,1958.6989981119941,0.0,3
7,O,1,35.84211591649265,18.286793834945232,35.84211591649265,0.0,0
7,B,6,2129.42931272049,2109.3874642244486,1680.8258181059869,0.0,3
7,D,5,2739.6002303959067,2714.846300536602,2168.637499703658,0.0,2
7,L,1,82.661117051496,82.661117051496,82.661117051496,0.0,0
7,F,5,2731.4493708886857,2001.4468627545807,2573.6625872045,0.0,2
7,I,2,688.4035809871032,681.968957654307,688.4035809871032,0.0,1
7,J,2,1674.4341255519905,334.7133976047594,1674.4341255519905,0.0,1
7,M,1,676.0103910968239,180.8589036822656,676.0103910968239,0.0,0
7,N,1,987.6830990977041,195.09789611806502,987.6830990977041,0.0,0
8,total,50,21953.51701800099,18248.365192325127,19869.939971663298,19778.70088585311,2
8,G,3,1169.2288628506174,1132.552004693975,992.1917915269423,992.1917915269423,0
8,E,5,1691.299956452858,1688.3363380137905,1321.5448940010663,1287.2654026734021,1
8,K,2,304.9791472492611,301.71703420126846,304.9791472492611,304.9791472492611,0
8,D,5,1517.054688924123,1500.035992779365,1309.5838616480976,1300.416899168697,1
8,A,7,3333.230163558946,3156.637775769857,2817.620140141235,2778.338544660665,1
8,F,4,2121.3480122708665,1351.0661281919547,2121.3480122708665,2121.3480122708665,0
8,C,6,2942.553554542632,2758.1450090648755,2900.073851509634,2900.073851509634,0
8,B,7,2137.453233609405,2137.272351603528,1498.1830721666884,1489.672035644139,1
8,N,1,107.79301452545513,47.908006455757835,107.79301452545513,107.79301452545513,0
8,L,1,213.71758204920275,53.42939551230069,213.71758204920275,213.71758204920275,0
8,I,2,547.8815902444669,539.8050909091905,461.1879043818261,461.1879043818261,0
8,O,1,678.0286325344049,244.09030771238577,678.0286325344049,678.0286325344049,0
8,J,2,1967.8420576047693,763.1315321206632,1967.8420576047693,1967.8420576047693,0
8,M,1,950.7421984948891,485.0725502524944,950.7421984948891,950.7421984948891,0
8,H,3,2270.364323089095,2089.165675043717,2225.103811558964,2225.1038115589636,0
9,total,50,22807.285083121187,19240.38943600602,21336.361158899348,21336.361158899348,0
9,O,1,0.0,0.0,0.0,0.0,0
9,A,7,3800.614388743289,3764.9872614581536,3346.1674139477677,3346.1674139477677,0
9,I,3,1663.9927658541774,1370.48759458057,1663.9927658541774,1663.9927658541774,0
9,C,6,1328.5350066051672,1325.9215943990398,1043.9809174117302,1043.9809174117302,0
9,E,5,1013.84162735987,1011.0586956321584,1013.84162735987,1013.84162735987,0
9,F,4,1920.8612874468529,1915.2010935633675,1610.744815348898,1610.744815348898,0
9,B,6,2861.3040310678402,2843.009432528782,2527.204655653923,2527.2046556539235,0
9,G,3,1622.8736145181308,977.8366326135867,1622.8736145181308,1622.8736145181308,0
9,K,1,60.87648541927478,60.87648541927478,60.87648541927478,60.87648541927478,0
9,J,2,300.6737061317665,299.92412695754933,300.6737061317665,300.6737061317665,0
9,D,6,2628.4678140508645,2628.1444596908527,2540.760801329853,2540.760801329853,0
9,N,1,164.3683457668139,164.3683457668139,164.3683457668139,164.3683457668139,0
9,M,1,103.9864670148369,103.9864670148369,103.9864670148369,103.9864670148369,0
9,H,3,4500.555824178819,1938.253527417549,4500.555824178819,4500.555824178819,0
9,L,1,836.3337189634834,836.3337189634834,836.3337189634834,836.3337189634834,0
0,total,50,21030.779373996764,17115.828805215606,18353.231318445945,18353.231318445938,0
0,C,5,920.0827961097485,696.3187635562442,735.8023632602474,735.8023632602474,0
0,F,4,942.9839770837972,941.2029684012252,804.1707464181673,804.1707464181673,0
0,D,5,2877.2759919633445,1992.0388247118224,2467.614716072456,2467.614716072456,0
0,E,4,2283.438819651943,2108.83175281983,1946.462871998417,1946.4628719984173,0
0,A,7,2349.833558210932,1922.2322701401224,2349.833558210932,2349.833558210932,0
0,B,7,2560.9364112641397,2544.3438009657384,1924.6273410010758,1924.6273410010758,0
0,K,2,395.3656107837667,382.60060769071265,395.3656107837667,395.3656107837667,0
0,J,3,789.1178354060517,784.8690706468304,789.1178354060517,789.1178354060517,0
0,M,1,128.73962573244785,19.044323333202346,128.73962573244785,128.73962573244785,0
0,O,1,244.44552095844983,27.16061343982776,244.44552095844983,244.44552095844983,0
0,I,3,2280.503752179942,1647.846306970826,1988.329305203556,1988.329305203556,0
0,H,3,1526.804766216466,1502.646772138335,1237.367231512223,1237.367231512223,0
0,G,3,2444.622967944472,1672.0811138163936,2054.7268513968916,2054.7268513968916,0
0,L,1,549.354831875683,137.33870796892074,549.354831875683,549.354831875683,0
0,N,1,737.272908615577,737.272908615577,737.272908615577,737.272908615577,0
1,total,50,25786.96763283657,21690.5357816359,24082.761416507015,23874.780872991756,1
1,C,6,1797.3428471856637,1741.0788702776354,1797.3428471856637,1797.3428471856637,0
1,E,5,1285.263684271563,1277.6933462250565,1271.9994153012153,1271.9994153012153,0
1,A,7,3252.7015330539034,1787.090542789591,3247.240951157403,3247.240951157403,0
1,K,1,14.013308082143356,3.503327020535839,3.503327020535839,3.503327020535839,0
1,B,6,1816.7052940550595,1814.2064166796138,1490.577972686312,1490.577972686312,0
1,G,4,2013.2965767699252,2007.3603157504538,2007.4132465476239,2007.4132465476239,0
1,D,5,3303.5827063236466,3016.1761462971813,2757.584323958393,2757.584323958393,0
1,O,1,78.24585101313491,12.519336162101585,78.24585101313491,78.24585101313491,0
1,H,3,2539.0260319376257,1459.7280528048914,2539.0260319376257,2539.0260319376257,0
1,N,1,142.02104001511574,142.02104001511574,142.02104001511574,142.02104001511574,0
1,I,3,2131.6155604444402,2118.626581002476,1735.9414092376344,1624.855298156603,1
1,L,1,692.7677005335456,238.06167117026715,692.7677005335456,692.7677005335456,0
1,F,4,3369.9194192861796,3354.2583663203814,3013.988154118257,2917.0937216840302,1
1,J,2,2583.526955530416,1951.2726447863824,2538.1700214603434,2538.1700214603434,0
1,M,1,766.9391243342154,766.9391243342154,766.9391243342154,766.9391243342154,0
2,total,50,21969.2877038946,17604.579629480584,20268.348058344633,20088.055766900285,1
2,N,1,0.0,0.0,0.0,0.0,0
2,D,5,2002.2882424725503,1997.6456234690972,1723.4518450975513,1723.4518450975515,0
2,C,5,1444.701241901501,1442.7868074962107,1444.701241901501,1444.701241901501,0
2,F,4,1385.9169599292472,1380.1898933211205,1385.9169599292472,1354.1191618797118,1
2,B,6,1556.8908792132584,1553.9973400411213,1147.885687987105,1147.885687987105,0
2,G,4,612.1726308998497,607.8862375547901,612.1726308998497,612.1726308998497,0
2,K,2,278.4614419377061,278.4614419377061,278.4614419377061,278.4614419377061,0
2,H,4,2028.6560525449418,1053.214659783982,1975.5103241050624,1975.5103241050624,0
2,E,5,2656.420237329825,2654.0399886476534,2165.214546569444,2165.214546569444,0
2,A,6,2744.5678071620214,2562.392428393133,2313.9328850762295,2165.438391681422,1
2,O,1,85.9914532636348,85.9914532636348,85.9914532636348,85.9914532636348,0
2,L,2,1631.8995532113588,1553.039097665867,1593.7878375485916,1593.7878375485916,0
2,J,2,1495.167722179914,1386.3831301616362,1495.167722179914,1495.167722179914,0
2,M,1,1134.530207267445,269.2737704296829,1134.530207267445,1134.530207267445,0
2,I,2,2911.623274581346,779.2777573149492,2911.623274581346,2911.623274581346,0
3,total,50,22991.903121897194,18618.090443063524,20828.837230344307,20635.94125690012,1
3,H,3,571.8074018372919,296.87223275353045,571.8074018372919,571.8074018372919,0
3,D,5,2159.2506009517892,2098.6377100928316,1842.961621606539,1800.580183076922,1
3,A,9,4085.793609678446,4073.7007108020207,3001.8791579709614,3001.879157970962,0
3,C,6,3235.761738931382,3228.54625187539,2699.1763624692126,2548.661827554647,1
3,I,3,1387.714480911291,729.5631441016858,1385.0937334092787,1385.0937334092787,0
3,B,6,2542.5821759387118,1329.9829226744757,2538.6298953661535,2538.6298953661535,0
3,F,4,2467.4265851022715,2186.3967280146126,2467.4265851022715,2467.4265851022715,0
3,L,1,81.0816942172519,29.189409918210682,81.0816942172519,81.0816942172519,0
3,N,1,28.84833233303969,28.84833233303969,28.84833233303969,28.84833233303969,0
3,O,1,114.9554738603872,28.7388684650968,114.9554738603872,114.9554738603872,0
3,G,3,1814.1332571662183,1674.8501241832487,1814.1332571662183,1814.1332571662183,0
3,M,1,153.07538243055814,153.07538243055814,153.07538243055814,153.07538243055814,0
3,E,4,1216.9890008265058,1213.103247317662,997.284944863093,997.284944863093,0
3,K,1,910.5215068610636,381.22180737089514,910.5215068610636,910.5215068610636,0
3,J,2,2221.9618808509895,1165.3635707302665,2221.9618808509895,2221.9618808509895,0
4,total,50,22727.37792574277,19940.510464974774,21624.00406184131,21432.92247214529,1
4,E,4,304.7521207699298,284.93774545264023,304.7521207699298,304.7521207699298,0
4,G,4,867.657936794498,799.6760077083546,867.657936794498,867.657936794498,0
4,D,5,1642.6957606563908,1631.2942942353243,1318.36094094668,1318.36094094668,0
4,J,2,295.61547678103335,90.1885704500678,295.61547678103335,295.61547678103335,0
4,I,3,288.13917180081717,284.23167098117983,288.13917180081717,288.13917180081717,0
4,L,1,8.970096126897717,8.970096126897717,8.970096126897717,8.970096126897717,0
4,H,3,1528.6083666053958,1377.4767328686466,1528.6083666053958,1528.6083666053958,0
4,B,7,5388.66576893424,3306.9781631790943,5376.154146801838,5200.119562718277,1
4,F,4,1476.008971637878,1475.6476424204457,1476.008971637878,1476.008971637878,0
4,C,5,3307.4686770064563,3301.884365742105,2887.579208293387,2872.532202680925,1
4,A,7,3979.16001687811,3959.049062811229,3632.522063531835,3632.5220635318346,0
4,K,2,1581.1114738909155,1515.4131216812198,1581.1114738909155,1581.1114738909155,0
4,M,1,338.21910385688125,338.21910385688125,338.21910385688125,338.21910385688125,0
4,N,1,943.4951729518756,789.7340764092431,943.4951729518756,943.4951729518756,0
4,O,1,776.8098110514482,776.8098110514482,776.8098110514482,776.8098110514482,0
5,total,50,24909.441780783505,19591.571273618178,21487.54496983801,21393.153573962354,1
5,I,2,38.08185590213027,38.08185590213027,38.08185590213027,38.08185590213027,0
5,F,3,1227.3746479273634,392.7727578261052,1227.3746479273634,1227.3746479273634,0
5,D,6,2611.5048803551545,2591.7913058659988,2478.9697560636214,2478.9697560636214,0
5,O,1,6.349337614061104,0.7054819571179005,6.349337614061104,6.349337614061104,0
5,E,5,2669.381698958956,1214.0606808808118,2392.552150553788,2392.552150553788,0
5,K,2,37.2730947862229,37.2730947862229,32.000010096412694,32.000010096412694,0
5,B,6,2481.8912648362575,2481.518763263931,2147.2157774320494,2119.078936447363,1
5,G,3,1531.4717650890543,1520.9108133810073,1068.0507465976252,1068.0507465976252,0
5,A,7,6459.07266970186,4364.746926066261,5253.517536692819,5253.517536692819,0
5,C,6,4113.873521266169,4113.409267344971,3110.2661066118612,3044.0115517208933,1
5,H,3,1437.8280810060155,1344.9385902286565,1437.8280810060155,1437.8280810060155,0
5,J,2,514.2602380260128,106.9974865905125,514.2602380260128,514.2602380260128,0
5,N,1,113.57390346682604,113.57390346682604,113.57390346682604,113.57390346682604,0
5,M,1,573.8191524816598,177.1046766918703,573.8191524816598,573.8191524816598,0
5,L,2,1093.68566936576,1093.68566936576,1093.68566936576,1093.68566936576,0
6,total,50,24235.445252739402,20743.546774078844,22496.61679714224,22496.61679714224,0
6,E,5,1855.0989058585074,1818.0685972722458,1815.9688122120474,1815.9688122120474,0
6,F,4,659.4805321804472,612.926266617909,659.4805321804472,659.4805321804472,0
6,I,3,1180.427979614994,781.8291761668738,1180.427979614994,1180.427979614994,0
6,H,3,784.3338395427763,781.1410811630986,784.3338395427763,784.3338395427763,0
6,A,6,3558.3117957251643,3528.345880350259,3351.183543742946,3351.1835437429463,0
6,D,5,3461.926965775874,1367.6711705138796,3442.1036674977113,3442.1036674977113,0
6,C,6,4702.364300295905,4214.769885308047,4035.2161000761635,4035.2161000761635,0
6,G,4,1058.1196992231048,947.8922246600291,934.7747963593866,934.7747963593866,0
6,O,1,93.640830099663,93.640830099663,93.640830099663,93.640830099663,0
6,N,1,230.68288192090031,64.65506379097899,230.68288192090031,230.68288192090031,0
6,J,2,1147.2902657938494,1098.0488695919778,1071.26035810303,1071.26035810303,0
6,B,6,3472.782681559606,3431.4464246726284,3014.563131846896,3014.563131846896,0
6,M,1,173.77571365362257,173.77571365362257,173.77571365362257,173.77571365362257,0
6,K,2,997.560204241226,969.6869329638738,849.5559530378941,849.5559530378941,0
6,L,1,859.6486572537561,859.6486572537561,859.6486572537561,859.6486572537561,0
7,total,50,22536.361411657505,20044.281258595413,21306.05615359237,21306.05615359237,0
7,H,3,1050.8633340991132,936.2160270072887,1050.8633340991132,1050.8633340991132,0
7,F,4,519.374369260099,503.30941094747317,519.374369260099,519.374369260099,0
7,L,1,3.041281551379432,0.0,3.041281551379432,3.041281551379432,0
7,B,6,3051.0132082838336,1776.970968574808,3046.9506522079773,3046.950652207977,0
7,G,3,1960.6324770603705,1955.867884722711,1750.4236637943734,1750.4236637943732,0
7,E,5,1210.3557541104424,1199.8803688620485,1188.858976060868,1188.858976060868,0
7,M,1,13.134984766340086,13.134984766340086,13.134984766340086,13.134984766340086,0
7,D,5,1601.7216253186477,1595.3481482082343,1597.9860607849791,1597.9860607849791,0
7,A,8,5037.965663328943,5029.13284165417,4116.315553850634,4116.3155538506335,0
7,I,2,141.8691979805676,137.67414198939426,141.8691979805676,141.8691979805676,0
7,J,2,795.4837266578066,671.3805260248982,795.4837266578066,795.4837266578066,0
7,K,2,865.0037412553986,865.0037412553986,865.0037412553986,865.0037412553986,0
7,C,6,5431.977995367535,4603.630596350039,5362.826558705804,5362.826558705804,0
7,O,1,269.9789844011752,172.78655001675213,269.9789844011752,269.9789844011752,0
7,N,1,583.9450682158557,583.9450682158557,583.9450682158557,583.9450682158557,0
8,total,50,23852.173700777956,19733.548550771608,21815.1867990628,21670.45565184974,1
8,O,1,0.0,0.0,0.0,0.0,0
8,E,5,1981.0306936628442,830.2387196659204,1918.2611858431378,1918.2611858431378,0
8,B,6,2141.328265643896,2124.298228759675,1961.3701730882321,1824.6858362895891,1
8,G,3,2647.030787199585,1084.267019630852,2647.030787199585,2647.030787199585,0
8,A,7,2587.759502825324,2543.603930286554,2284.0631274429447,2284.0631274429447,0
8,C,6,3144.3991369283362,3049.463343949453,2675.7438324351037,2675.7438324351033,0
8,K,2,1038.3770058696787,997.9794761530027,1038.3770058696787,1038.3770058696787,0
8,I,2,803.3978345118365,209.12138465429433,803.3978345118365,803.3978345118365,0
8,D,6,3644.133483637716,3331.484441045905,2972.7656922034776,2972.7656922034776,0
8,L,1,217.3970015231329,60.931339527244866,217.3970015231329,217.3970015231329,0
8,F,4,2336.156905840825,2326.989446072609,1985.617075810897,1977.5702653964772,1
8,H,3,1517.9411563305355,1516.2727098341225,1517.9411563305355,1517.9411563305355,0
8,N,1,175.5662950826273,175.5662950826273,175.5662950826273,175.5662950826273,0
8,M,1,240.83886054681892,240.83886054681892,240.83886054681892,240.83886054681892,0
8,J,2,1376.8167711747979,1242.49335556253,1376.8167711747979,1376.8167711747979,0
9,total,50,22057.52188744099,16765.682858559318,17883.947523961462,17883.947523961466,0
9,A,7,2356.108235163501,2103.2641459432775,1914.5879835392748,1914.5879835392748,0
9,I,2,1634.9497726951142,470.8951011555612,1634.9497726951142,1634.9497726951142,0
9,C,6,3004.77436175962,2205.9074724058005,2334.796772103868,2334.796772103868,0
9,E,5,703.6277676743496,690.8361237942423,678.3945039503667,678.3945039503667,0
9,K,2,496.9261531107466,481.6877423614215,496.9261531107466,496.9261531107466,0
9,L,2,419.31549453683374,407.6209269342292,419.31549453683374,419.31549453683374,0
9,O,1,11.21661887136264,11.21661887136264,11.21661887136264,11.21661887136264,0
9,B,6,3405.9508560393706,1908.2228433885525,2470.316982184264,2470.316982184264,0
9,F,3,266.09495402749224,261.8195319749104,242.20752414512225,242.20752414512225,0
9,D,5,1359.647892693987,1347.5503601999603,1058.0260392985003,1058.0260392985003,0
9,J,2,1538.3439737903195,1515.6368568413018,1059.9971945350255,1059.9971945350255,0
9,G,3,2478.01686467417,1399.837555254513,1621.7551189024366,1621.7551189024366,0
9,H,3,2301.4039361435925,1904.3384175013646,1979.1088109133038,1979.1088109133038,0
9,M,2,1370.7786953152652,1346.4828509875554,1251.982244229976,1251.982244229976,0
9,N,1,710.3663109452666,710.3663109452666,710.3663109452666,710.3663109452666,0
0,total,50,22660.238208051385,18842.172482564085,20541.580341537963,20541.580341537967,0
0,B,7,4167.042946403146,3928.7672232159257,3406.0281413303155,3406.028141330315,0
0,A,7,3740.302288011065,2836.0414852166778,3628.0907506434987,3628.0907506434987,0
0,E,4,1251.833586549425,1248.207638093575,1251.833586549425,1251.833586549425,0
0,C,5,2127.7242871469143,1889.0828684779335,1586.095944414058,1586.0959444140578,0
0,F,4,1173.326650130654,1166.9840282251084,982.2295247475623,982.2295247475623,0
0,D,5,932.4026563212378,913.9696369832487,762.7885808461318,762.7885808461317,0
0,H,3,1100.7893187630252,1093.8802851813828,1100.7893187630252,1100.7893187630252,0
0,L,1,91.73865474646946,18.95426750960113,91.73865474646946,91.73865474646946,0
0,K,2,821.536623237257,821.536623237257,821.536623237257,821.536623237257,0
0,G,4,1657.7962159505846,838.786340884837,1555.7577470088459,1555.7577470088459,0
0,I,3,1584.8595785842458,1314.3389372438792,1584.8595785842458,1584.8595785842458,0
0,M,1,744.0961069958483,246.6654679756669,744.0961069958483,744.0961069958483,0
0,J,2,1571.9384879035347,1504.7502884758055,1330.8849763633095,1330.8849763633095,0
0,N,1,1014.7761374282858,340.13272196349743,1014.7761374282858,1014.7761374282858,0
0,O,1,680.0746698796917,680.0746698796917,680.0746698796917,680.0746698796917,0
1,total,50,20163.54350931598,17680.385390268653,19866.017107725835,19482.671636436124,1
1,M,1,0.0,0.0,0.0,0.0,0
1,L,1,0.6243200271416927,0.6243200271416927,0.6243200271416927,0.6243200271416927,0
1,E,5,1993.7175887234007,1988.9879102583764,1993.7175887234007,1915.311070929091,1
1,A,7,1415.1088708980199,1412.5816110086832,1415.1088708980199,1415.1088708980199,0
1,D,5,1742.9025527824647,1705.0008826820927,1742.9025527824647,1742.9025527824647,0
1,C,6,2602.741672990143,2597.657358167883,2592.4043628074696,2592.4043628074696,0
1,B,7,2333.214657703161,2328.4455096684105,2333.214657703161,2028.2757042077628,1
1,G,3,1235.6722528597381,770.9250543810949,1235.6722528597381,1235.6722528597381,0
1,F,5,2211.1086896712995,2200.1841947071193,1923.9195982638255,1923.9195982638255,0
1,I,2,542.3146693739363,476.1501247637567,542.3146693739363,542.3146693739363,0
1,H,3,1134.7412376977647,1134.3633779209097,1134.7412376977647,1134.7412376977647,0
1,J,2,1024.5064640340129,1024.5064640340129,1024.5064640340129,1024.5064640340129,0
1,N,1,927.1009832306594,560.8388663987939,927.1009832306594,927.1009832306594,0
1,K,1,1154.3616922056333,659.9295575310015,1154.3616922056333,1154.3616922056333,0
1,O,1,1845.4278571186057,820.1901587193803,1845.4278571186057,1845.4278571186057,0
2,total,50,20023.09715766392,16573.433106828626,17791.789277437405,17713.741071841912,1
2,J,2,243.37528556740867,147.22702460250648,243.37528556740867,243.37528556740867,0
2,E,4,987.1246059102025,969.12797000556,985.986556596843,985.986556596843,0
2,B,6,2651.463795481607,2182.689732493469,2062.940163622495,1995.4953209528085,1
2,D,5,1843.3386038755857,1508.750351202506,1348.4613991343217,1348.4613991343217,0
2,K,2,992.2148175064061,305.52196252333533,992.2148175064061,992.2148175064061,0
2,G,4,2077.24917230276,2052.786843565019,2034.6618539605092,2034.6618539605092,0
2,M,1,11.982997686704508,11.982997686704508,11.982997686704508,11.982997686704508,0
2,C,6,1902.764624737578,1899.4725962052946,1902.764624737578,1902.764624737578,0
2,F,4,1769.8269600885383,1348.5211603441664,1769.8269600885383,1769.8269600885383,0
2,A,8,2722.042295411251,2720.2020267669523,2609.6726342899865,2599.069271364181,1
2,H,3,1889.4617181752,1512.9699363566892,1155.2265768164232,1155.2265768164232,0
2,O,1,67.48346067942654,67.48346067942654,67.48346067942654,67.48346067942654,0
2,L,1,347.37312652845446,140.67176198259725,347.37312652845446,347.37312652845446,0
2,I,2,1363.0002781786304,1304.5294409827302,1105.4234046881381,1105.4234046881381,0
2,N,1,1154.3954155341694,401.4958414316736,1154.3954155341694,1154.3954155341694,0
3,total,50,22041.17237655967,18535.51491093848,20400.06274172121,20157.465947165467,2
3,E,5,770.7244818779459,770.7244818779459,770.7244818779459,770.7244818779459,0
3,G,3,240.80636579029468,240.80636579029468,240.80636579029468,240.80636579029468,0
3,C,5,2869.927983814872,2788.043190511793,2734.3269817623836,2734.3269817623836,0
3,I,3,2234.597577994461,1304.1599701664418,2234.597577994461,2234.597577994461,0
3,B,6,2253.9444889408783,2239.6662432552166,1974.8151006324065,1928.011073992605,1
3,A,7,3299.925005945532,3298.8010801393248,2790.433412641267,2764.285046594463,1
3,H,3,1435.6081515530232,1384.0628420678281,1435.6081515530232,1364.1906975541362,1
3,F,5,2113.696696789494,2098.7351064210006,1767.8093205194887,1767.8093205194887,0
3,L,1,120.90290363000743,17.885044915681572,120.90290363000743,120.90290363000743,0
3,D,5,3241.217147609369,3223.395029961995,2870.216872706141,2771.9899248358915,1
3,N,1,108.20275881121928,108.20275881121928,108.20275881121928,108.20275881121928,0
3,K,2,1226.1171974588601,301.24811834445427,1226.1171974588601,1226.1171974588601,0
3,J,2,1428.4209031199011,441.60898307993835,1428.4209031199011,1428.4209031199011,0
3,M,1,458.50691208822303,79.60189445976094,458.50691208822303,458.50691208822303,0
3,O,1,238.57380113558395,238.57380113558395,238.57380113558395,238.57380113558395,0
4,total,50,23805.52409500969,18475.863367907034,21141.660465615194,21141.660465615198,0
4,G,3,1034.4859609876755,1030.1606317267492,963.3306570299962,963.3306570299962,0
4,B,6,854.8826272697115,847.754754218709,854.8826272697115,854.8826272697115,0
4,E,5,2313.4192550235803,2289.2935676193497,2267.0592065898804,2267.059206589881,0
4,D,5,550.2325724904772,549.6685070933129,540.8842714456899,540.8842714456899,0
4,C,6,4202.622399602966,2891.0107283623684,3402.6061114157,3402.6061114157,0
4,M,1,27.015988070706047,27.015988070706047,27.015988070706047,27.015988070706047,0
4,N,1,27.23218217320183,27.23218217320183,27.23218217320183,27.23218217320183,0
4,A,7,3784.006865972143,3767.8875717845954,2586.9616332224805,2586.9616332224805,0
4,H,3,1769.7070879176845,1753.220020202862,1547.7029531021435,1547.7029531021435,0
4,F,5,2723.258059409502,2689.778253081997,2405.3237392036453,2405.3237392036453,0
4,O,1,446.18336178279867,160.6260102418075,446.18336178279867,446.18336178279867,0
4,J,2,2136.7048881883047,618.980918369547,2136.7048881883047,2136.7048881883047,0
4,I,2,997.4893116532878,978.7782899632812,997.4893116532878,997.4893116532878,0
4,K,2,1913.0159665108567,628.0188908425853,1913.0159665108567,1913.0159665108567,0
4,L,1,1025.26756795679,216.43705415596222,1025.26756795679,1025.26756795679,0
5,total,50,23008.366078881256,19808.749796092794,21646.59056479386,21618.273060001095,1
5,J,2,677.2104908252786,677.2104908252786,677.2104908252786,677.2104908252786,0
5,D,6,2158.332684376594,2157.5123187279455,2158.332684376594,2158.332684376594,0
5,I,3,451.6794935310361,450.11136182396723,451.6794935310361,451.6794935310361,0
5,A,7,2231.700596876925,2213.277774941875,2102.8379019774393,2102.8379019774393,0
5,F,4,740.2645321170153,347.1209367139498,740.2645321170153,740.2645321170153,0
5,C,6,3056.565901106045,3056.3184229779654,2532.7402260395606,2509.171092620737,1
5,H,3,1429.5619844538467,1176.1109934123856,1429.5619844538467,1429.5619844538467,0
5,B,6,2173.639381182637,2169.238051977914,1916.210228201161,1916.210228201161,0
5,M,1,113.94189016863479,50.64084007494879,113.94189016863479,113.94189016863479,0
5,E,5,3541.3928108294185,3541.2867207863073,3109.5690834303196,3104.820712056377,1
5,O,1,504.5728620207453,249.86392755759815,504.5728620207453,504.5728620207453,0
5,N,1,300.3107487777828,300.3107487777828,300.3107487777828,300.3107487777828,0
5,L,1,1054.7806837000714,325.54959373458996,1054.7806837000714,1054.7806837000714,0
5,K,1,1220.2948974160774,597.9444997338779,1220.2948974160774,1220.2948974160774,0
5,G,3,3354.117121499146,2496.253114026404,3334.2828577582954,3334.2828577582954,0
6,total,50,20026.20158918517,17712.572009129854,19399.961450610175,19399.961450610175,0
6,A,7,3402.2026234651958,3396.241106243567,3281.184366784059,3281.184366784059,0
6,D,4,1487.734994265143,1483.7139624142594,1199.1259686639332,1199.1259686639332,0
6,B,7,1396.836065339603,1394.8008519651262,1356.1291457275825,1356.1291457275822,0
6,F,4,3500.2904056492252,1507.562129896828,3500.2904056492252,3500.2904056492252,0
6,M,1,17.277474629557503,17.277474629557503,17.277474629557503,17.277474629557503,0
6,H,4,1633.4544222102247,1612.4655716141533,1633.4544222102247,1633.4544222102247,0
6,E,4,1231.020562992344,1222.9399836911616,1198.7238967532867,1198.7238967532867,0
6,C,5,1218.962806557407,1216.8424683828766,1137.700812569563,1137.700812569563,0
6,G,4,1483.5317739100478,1483.0291030155922,1483.5317739100478,1483.5317739100478,0
6,I,3,926.783826359384,903.2763576522268,864.4365499056555,864.4365499056555,0
6,J,3,926.7512013862416,773.3706804831875,926.7512013862416,926.7512013862416,0
6,O,1,412.98123267011067,412.98123267011067,412.98123267011067,412.98123267011067,0
6,K,1,953.5761255528771,853.2730122733925,953.5761255528771,953.5761255528771,0
6,N,1,670.4322324819237,670.4322324819237,670.4322324819237,670.4322324819237,0
6,L,1,764.365841715893,764.365841715893,764.365841715893,764.365841715893,0
7,total,50,21748.95536265099,18960.328453761653,20293.43792136936,20293.437921369365,0
7,K,2,72.67926905721701,72.67926905721701,72.67926905721701,72.67926905721701,0
7,F,4,1115.5721963951964,1112.3782286516678,1115.5721963951964,1115.5721963951964,0
7,G,4,1761.486615170037,1761.486615170037,1761.486615170037,1761.486615170037,0
7,D,5,355.96620922907266,355.79356109028856,341.98357442438936,341.98357442438936,0
7,C,6,2813.1183386320536,2330.8067441106377,2483.9649508194816,2483.9649508194816,0
7,N,1,35.723922558584455,35.723922558584455,35.723922558584455,35.723922558584455,0
7,A,7,3175.991881515034,3149.575820422622,2738.8097395469463,2738.8097395469467,0
7,B,7,3524.457990571109,3493.0557595572272,3219.7037246803666,3219.7037246803666,0
7,J,2,286.9285585245885,286.9285585245885,286.9285585245885,286.9285585245885,0
7,E,5,2490.673912294649,2226.7885503150055,2279.9769499058166,2279.9769499058166,0
7,L,1,357.1603091238198,188.91123788367327,357.1603091238198,357.1603091238198,0
7,I,2,1155.1962018220624,970.3836260883476,1155.1962018220624,1155.1962018220624,0
7,H,2,1948.63789697961,1879.2998658055346,1788.8898485629022,1788.8898485629022,0
7,O,1,1258.642105057487,545.8358682848947,1258.642105057487,1258.642105057487,0
7,M,1,1396.7199557204742,550.6808262413335,1396.7199557204742,1396.7199557204742,0
8,total,50,21045.09242355201,17218.508211427215,18878.48473771324,18878.48473771324,0
8,B,7,3236.3681687171593,3066.9082507943695,2906.2748124934824,2906.2748124934833,0
8,L,1,0.432654608194761,0.0,0.432654608194761,0.432654608194761,0
8,F,4,1970.2066008000186,1127.6461728620777,1970.2066008000186,1970.2066008000186,0
8,O,1,6.633428680979869,0.7370476312199855,6.633428680979869,6.633428680979869,0
8,A,7,2902.5671834454442,2898.1782015293,2144.769078289481,2144.769078289481,0
8,E,5,2696.2770942852812,1399.122890657732,2546.0667007753364,2546.0667007753364,0
8,G,3,504.4323813583674,502.97688527975646,484.7039019065064,484.7039019065064,0
8,C,5,1609.1348904285724,1603.0610258496367,1480.0587148490106,1480.0587148490106,0
8,J,2,243.11074660198656,243.11074660198656,243.11074660198656,243.11074660198656,0
8,D,5,2948.491394955028,2930.0937369468106,2374.1856857299667,2374.1856857299667,0
8,I,3,829.6292246115031,828.6802945085531,630.0822201899364,630.0822201899364,0
8,H,3,2205.638601196367,731.6713671737987,2205.638601196367,2205.638601196367,0
8,N,1,322.285509266729,322.285509266729,322.285509266729,322.285509266729,0
8,K,2,893.3149345427807,887.4664722716459,887.4664722716459,887.4664722716459,0
8,M,1,676.5696100535969,676.5696100535969,676.5696100535969,676.5696100535969,0
9,total,50,19334.408609731436,16192.342810519036,17426.99773061523,17426.997730615225,0
9,H,3,871.2527888281301,207.53738969947068,871.2527888281301,871.2527888281301,0
9,G,4,703.2573971916536,680.7069759735127,703.2573971916536,703.2573971916536,0
9,A,7,1170.5097759793007,1158.325735747277,937.2504410753766,937.2504410753766,0
9,C,6,2761.1488202249657,2753.260805490528,2722.9296721661235,2722.929672166123,0
9,E,5,1098.5619383652374,1092.527563692866,1098.5619383652374,1098.5619383652374,0
9,B,6,2776.5153329060595,2764.0951270588066,2150.120511919736,2150.1205119197366,0
9,O,1,31.940994495918613,19.32233000370385,31.940994495918613,31.940994495918613,0
9,I,2,142.64918926532624,138.10074622870908,142.64918926532624,142.64918926532624,0
9,K,2,310.8398510198503,310.8398510198503,310.8398510198503,310.8398510198503,0
9,L,1,133.50349516162095,38.70811398177175,133.50349516162095,133.50349516162095,0
9,F,4,2482.270488593907,2471.8578417945814,2005.1371217879532,2005.1371217879532,0
9,D,5,5277.032039503087,2994.0971276054147,4744.627831141916,4744.627831141916,0
9,M,1,351.0810816501187,351.0810816501187,351.0810816501187,351.0810816501187,0
9,J,2,735.607879321143,723.6445833473057,735.607879321143,735.607879321143,0
9,N,1,488.23753722511833,488.23753722511833,488.23753722511833,488.23753722511833,0
