run,airline,num_flights,initial,max_reduction,udpp,model,offers
0,total,70,63953.058001785445,50938.599571026134,57804.841947129105,56409.945053869706,3
0,B,7,6473.30192016107,2415.114160740657,6325.7623019441635,5916.809327548923,1
0,A,7,3971.844543969264,3964.1281213332227,3861.91515298962,3835.221040827132,2
0,L,3,878.3791673091929,417.720443685315,878.3791673091929,878.3791673091929,0
0,N,2,260.7645110376249,257.3967561225379,260.7645110376249,260.7645110376249,0
0,M,3,3478.115843692064,3213.12894463306,2496.0659809225845,2496.0659809225845,0
0,E,5,4663.64879125297,4662.8630225536945,4120.895272362357,4110.8211190830425,1
0,D,6,4621.622004937372,4589.178191345689,4572.135361797418,4572.135361797418,0
0,C,6,5322.658233565666,5121.548941840527,4938.453614313794,4938.453614313794,0
0,G,5,4551.671414833165,4504.649916965707,4348.18924298721,4061.777289858287,1
0,F,5,5553.284545753475,5007.641286163561,4490.289422378016,4490.289422378016,0
0,K,3,2651.0304242884563,2637.3813610172615,2629.489207097941,2629.489207097941,0
0,I,4,4632.096000459327,2413.272738117418,3808.3594803610176,3808.359480361018,0
0,J,3,4005.8624613243555,3976.187924409335,3707.5781235913764,3044.8144232979407,1
0,Q,1,219.56235401741768,43.37034153430473,219.56235401741768,219.56235401741768,0
0,S,1,248.7816086693698,55.82080416127134,248.7816086693698,248.7816086693698,0
0,O,2,1060.8590549501268,1043.0238201847844,1060.8590549501268,1060.8590549501268,0
0,R,1,458.1043742726762,155.88273846778563,458.1043742726762,458.1043742726762,0
0,T,1,690.2932714614833,690.2932714614833,690.2932714614833,690.2932714614833,0
0,P,1,903.2952777368811,903.2952777368811,903.2952777368811,903.2952777368811,0
0,H,4,9307.882198093484,4866.7015085516505,7785.669166928839,7785.669166928839,0
2,total,70,65780.67938627959,55345.446219951875,61677.7738321765,61039.26984618333,3
2,T,1,0.0,0.0,0.0,0.0,0
2,S,1,0.2948410824511766,0.2948410824511766,0.2948410824511766,0.2948410824511766,0
2,B,7,7512.026716390093,7507.228161202294,6621.957778623354,6281.571565550633,1
2,O,2,940.4799757963483,674.7465335591257,940.4799757963483,940.4799757963483,0
2,E,6,1830.2782652106487,1822.2128297009954,1803.2169955017355,1767.3898949467991,1
2,D,6,3745.755686222319,3741.1488210916896,2973.699696869503,2973.6996968695034,0
2,I,4,3802.737785981352,3796.8649723266294,3428.4682230305825,3428.4682230305825,0
2,G,4,3241.895875340878,3230.306125713444,3192.0389765510154,3192.0389765510154,0
2,F,4,3246.4204889319103,3245.807506743681,3177.496801143057,3172.6087866259104,1
2,L,3,3067.150321691376,3050.31592045914,2833.7981600032053,2833.7981600032053,0
2,C,7,7821.3209694379,7635.765670220635,6718.262279491066,6676.9233356863315,1
2,A,8,4792.057051713029,4790.235591421604,4306.591223739699,4217.686858525372,1
2,N,2,698.5213798949967,209.3374707263573,653.5104546430292,653.5104546430292,0
2,J,3,2844.2503263464682,2232.3695549220124,2790.4687234616595,2790.4687234616595,0
2,K,3,3719.35744228178,3460.620379153953,3719.35744228178,3719.35744228178,0
2,R,1,492.61147709482987,352.69815815665334,492.61147709482987,492.61147709482987,0
2,H,4,9976.211946490226,4922.4587570575395,9976.211946490226,9849.052597660922,1
2,Q,1,918.4415377070186,396.61679465062275,918.4415377070186,918.4415377070186,0
2,P,1,1644.8231544041482,1142.2383016695474,1644.8231544041482,1644.8231544041482,0
2,M,2,5486.044144261799,3134.179830093485,5486.044144261799,5486.044144261799,0
15,total,70,59664.92255449692,48127.16124343564,52544.16169962315,52381.616307499055,1
15,E,5,1995.9197703829384,437.5222445508019,1995.9197703829384,1995.9197703829384,0
15,H,4,3614.8949333527084,3607.4456624477734,2717.387012681679,2717.387012681679,0
15,O,2,2708.0313069106173,592.1028495414471,2708.0313069106173,2708.0313069106173,0
15,D,5,7366.810552599194,3156.020297431639,7250.320002944447,7250.320002944447,0
15,N,2,2853.130920724839,1304.1771789645613,2853.130920724839,2853.130920724839,0
15,G,5,2368.6423605834198,2365.148340487976,2368.6423605834198,2331.5034528380684,1
15,J,4,2535.5374073598286,2522.814965885882,2535.5374073598286,2535.5374073598286,0
15,T,1,59.331578104401785,18.31221546432154,59.331578104401785,59.331578104401785,0
15,P,1,70.62711577598917,45.20135409663307,70.62711577598917,70.62711577598917,0
15,F,5,3072.5656009737904,2877.1199186115327,3072.5656009737904,2947.159116595045,1
15,I,4,1363.5481847541364,1355.9387327412762,1363.5481847541364,1363.5481847541364,0
15,B,7,8871.953102099804,8503.804602237044,6871.897691410119,6871.897691410118,0
15,S,1,85.48690216918938,85.48690216918938,85.48690216918938,85.48690216918938,0
15,C,7,5034.29775437,5011.932569748547,4500.874834164505,4500.874834164505,0
15,A,8,10708.992783022193,9542.77118555485,7135.7087293693885,7135.708729369388,0
15,Q,1,151.42920581117215,151.42920581117215,151.42920581117215,151.42920581117215,0
15,K,3,2488.1595547682764,2462.587315029252,2488.1595547682764,2488.1595547682764,0
15,R,1,461.1179765637883,266.3417432632441,461.1179765637883,461.1179765637883,0
15,M,2,1459.178590340482,1428.1781065597634,1459.178590340482,1459.178590340482,0
15,L,2,2395.2669538301398,2392.82585283874,2395.2669538301398,2395.2669538301398,0
16,total,70,61104.30692996238,49585.79175877382,55259.79694860245,55246.66001759623,1
16,K,3,3940.8882047208717,1119.1162677669988,3940.8882047208717,3940.8882047208717,0
16,F,5,676.9580371899763,675.8184294526486,676.9580371899763,676.9580371899763,0
16,C,6,5582.961226158316,5565.9687081202665,4550.271443892015,4550.271443892014,0
16,M,2,450.9873141656203,450.9873141656203,450.9873141656203,450.9873141656203,0
16,J,3,1417.0336391733815,1407.7104355508034,1417.0336391733815,1417.0336391733815,0
16,I,4,2251.9586120091353,2249.796937646377,2182.957074200536,2182.957074200536,0
16,G,5,6244.180243407449,5085.645635695032,5789.021007327516,5789.021007327516,0
16,B,7,9297.458927688293,9293.108219957485,7598.9852837221215,7591.23324380029,1
16,Q,1,45.04160209167605,11.260400522919012,45.04160209167605,45.04160209167605,0
16,D,6,4552.715279616871,4301.692824398819,3854.3176954057653,3854.3176954057653,0
16,R,1,59.159296224343,59.159296224343,59.159296224343,59.159296224343,0
16,E,6,7274.7428235210955,3198.5178474349973,7242.225617302316,7242.225617302318,0
16,H,4,5017.8990667136895,2877.291825629246,4603.491284230611,4603.491284230611,0
16,O,2,371.2272115483326,371.2272115483326,371.2272115483326,371.2272115483326,0
16,N,2,1193.3415458284098,263.73698111988733,1193.3415458284098,1193.3415458284098,0
16,L,2,1145.005126343968,1145.005126343968,1145.005126343968,1145.005126343968,0
16,A,8,8415.231277168165,8407.19483525321,6971.368068842201,6965.98317775782,1
16,T,1,568.9274532128379,503.96341876292905,568.9274532128379,568.9274532128379,0
16,P,1,1154.7325538291393,1154.7325538291393,1154.7325538291393,1154.7325538291393,0
16,S,1,1443.8574893507946,1443.8574893507946,1443.8574893507946,1443.8574893507946,0
18,total,70,63848.63914602973,53248.35303587434,59318.97334609258,59318.973346092556,0
18,D,5,3046.528214960626,2677.956747234864,3046.528214960626,3046.528214960626,0
18,E,5,4924.2906423727045,4913.024235998438,4370.685492922359,4370.685492922359,0
18,G,5,3254.7888482026337,3251.1476343275035,2950.3902086537882,2950.3902086537882,0
18,I,4,4798.688429488886,1892.0434398107636,4798.688429488886,4798.688429488886,0
18,C,5,4718.686516651381,3814.908890423521,3753.4109104273466,3753.4109104273466,0
18,N,3,3798.4111225491283,3793.706618878631,3070.4091723528086,3070.409172352808,0
18,R,1,47.0308689673909,2.9394293104619313,47.0308689673909,47.0308689673909,0
18,L,3,668.0100171401706,652.4371308671577,668.0100171401706,668.0100171401706,0
18,A,8,7656.468459851,5934.254699967793,7626.311978839183,7626.311978839183,0
18,B,6,6247.890536517535,6178.788888782758,5541.807564424211,5541.807564424211,0
18,O,2,373.4867109306602,219.26873905199113,373.4867109306602,373.4867109306602,0
18,K,3,1865.85125457422,1850.5751215377131,1865.85125457422,1865.85125457422,0
18,H,4,2601.4415193028312,2594.825175021337,2434.8422246247983,2434.8422246247983,0
18,S,1,194.40238201685077,75.93843047533232,194.40238201685077,194.40238201685077,0
18,F,5,6288.690534387704,6280.294056858713,5234.411462988506,5234.411462988506,0
18,J,3,3650.8013052439596,3619.2281983530365,3631.4153961270395,3631.4153961270395,0
18,P,2,3074.105994248217,2058.3375673185433,3074.105994248217,3074.105994248217,0
18,Q,1,985.1509315910741,304.05892950341797,985.1509315910741,985.1509315910741,0
18,M,3,4782.63781418537,2263.342059304973,4780.757087967048,4780.757087967048,0
18,T,1,871.2770428473866,871.2770428473866,871.2770428473866,871.2770428473866,0
19,total,70,63851.96558901656,51334.552635569766,57860.30543753106,57090.70430539754,4
19,C,6,4881.46794592427,4483.171811174068,4775.2664048758825,4751.638638396227,1
19,H,4,973.7023693226593,956.9612858767665,852.2615286062075,852.2615286062075,0
19,N,2,518.4474829320145,518.4474829320145,518.4474829320145,518.4474829320145,0
19,I,4,3817.591630787543,3811.1616330334955,3127.5955570647193,2991.9169849410046,1
19,T,1,11.131479966458476,2.782869991614619,11.131479966458476,11.131479966458476,0
19,D,6,7426.3955855693985,5021.11983815765,6354.370207493239,6249.857368094966,1
19,A,7,7386.056432670091,7271.964055517683,5721.991145875057,5642.0107032178375,1
19,O,2,121.6895945189117,20.267564407187557,121.6895945189117,121.6895945189117,0
19,L,3,1076.7898848256127,491.3134219770102,1062.7911935291481,1062.7911935291481,0
19,F,5,3004.4345553791563,2983.1735327259084,2510.057740999393,2469.584326511649,1
19,M,2,3238.1073953643245,906.6705894365218,3238.1073953643245,3238.1073953643245,0
19,J,3,2707.8150504877262,1672.5402037831693,2707.8150504877262,2707.8150504877262,0
19,B,6,6637.307773258315,6634.825682533035,6603.9518763657,6436.185028955069,1
19,G,5,3135.995224624103,3132.7242913703994,2873.8605179767037,2870.7534352537155,1
19,E,6,7369.0859516058335,7360.794453533744,5938.556858640226,5724.102691786924,1
19,R,1,503.96719840546683,107.35395942364974,503.96719840546683,503.96719840546683,0
19,Q,1,249.96460040058545,249.96460040058545,249.96460040058545,249.96460040058545,0
19,P,2,4138.990160297633,1163.1934187198783,4138.990160297633,4138.990160297633,0
19,K,3,5482.620643362087,3375.717311261018,5379.084814417292,5379.084814417292,0
19,S,1,1170.4046293143697,1170.4046293143697,1170.4046293143697,1170.4046293143697,0
20,total,70,58384.867654382295,47519.15733193001,51600.145910737825,51311.54681331032,2
20,P,1,0.0,0.0,0.0,0.0,0
20,I,4,679.4877568443047,674.4298041962344,622.6959083255219,572.4802939405135,1
20,Q,1,2.2423071120596982,2.2423071120596982,2.2423071120596982,2.2423071120596982,0
20,J,3,3453.6241584170457,2381.290137029436,3453.6241584170457,3453.6241584170457,0
20,L,3,1223.7382921626427,914.6817410709075,1211.063616416892,1072.202139978877,1
20,G,4,4049.3683049055962,3473.4620386503316,3272.8953873644023,3272.8953873644023,0
20,B,7,4181.361979365996,4168.98497063914,3445.9575646594244,3363.5984674999117,1
20,F,5,5696.276128534115,5677.596365771705,4297.751028071994,4297.751028071994,0
20,D,7,5271.16911616104,4354.509083379725,4456.9961322942445,4456.996132294244,0
20,E,5,8010.253026906596,3093.7374610530414,7456.697567247087,7456.697567247087,0
20,C,7,11361.30212557859,8727.388802874244,9602.555717222913,9602.555717222915,0
20,S,1,160.3683203020868,29.455405769771044,160.3683203020868,160.3683203020868,0
20,O,1,68.31819322421794,68.31819322421794,68.31819322421794,68.31819322421794,0
20,A,9,6819.638053287001,6818.427691628204,6185.908139433333,6168.745229988359,1
20,H,4,1772.393937404852,1768.0325582323621,1727.7459164704576,1727.7459164704576,0
20,M,2,1235.249401245198,1229.6180751825477,1235.249401245198,1235.249401245198,0
20,R,1,447.392448244817,198.84108810880755,447.392448244817,447.392448244817,0
20,N,1,190.21772134542468,190.21772134542468,190.21772134542468,190.21772134542468,0
20,T,1,537.1331881987961,537.1331881987961,537.1331881987961,537.1331881987961,0
20,K,3,3225.3331951419113,3210.7906984630445,3225.3331951419113,3225.3331951419113,0
21,total,70,59837.691968581916,46831.01322344301,51062.45935335118,50988.94828430761,1
21,I,4,2613.0404992839985,1028.1166397271636,2548.445717953099,2548.445717953099,0
21,C,7,3038.2163684406783,3019.5143301659696,2485.130039115589,2485.130039115589,0
21,O,2,361.0377679489521,361.0377679489521,361.0377679489521,361.0377679489521,0
21,F,6,2261.604470266721,2260.8511340485543,1771.2880565629152,1771.2880565629152,0
21,E,6,5997.871856726901,3618.4864591086684,5852.267015690773,5852.267015690773,0
21,J,3,4208.203615139932,2622.705997866331,3211.2550681000403,3211.2550681000403,0
21,K,3,4544.299585402725,3771.517040803969,4301.322386166386,4301.322386166386,0
21,D,6,4926.64313044905,4383.083042745176,3567.248686666703,3567.248686666703,0
21,A,7,3483.724094204269,3479.9829892130683,3124.1365480572185,3124.1365480572185,0
21,H,4,5375.7336835496135,2311.7214409948465,4493.800271715907,4492.577485944884,1
21,B,7,8066.336613020367,7262.871701741022,6228.082630737012,6155.794347464472,1
21,G,4,4735.640403646178,4700.9771006427045,3414.1992848031614,3414.1992848031614,0
21,L,2,523.6701640155216,515.765087112767,495.89121353735936,495.89121353735936,0
21,S,1,283.2581109141907,283.2581109141907,283.2581109141907,283.2581109141907,0
21,P,1,347.7941438223627,347.7941438223627,347.7941438223627,347.7941438223627,0
21,Q,1,964.1819002974848,241.0454750743712,964.1819002974848,964.1819002974848,0
21,M,2,1989.2338958848727,1941.9363617905144,1989.2338958848727,1989.2338958848727,0
21,N,2,3501.479417132505,2064.626151286776,3008.164366941543,3008.164366941543,0
21,T,1,1279.5722852435763,1279.5722852435763,1279.5722852435763,1279.5722852435763,0
21,R,1,1336.1499631920276,1336.1499631920276,1336.1499631920276,1336.1499631920276,0
22,total,70,56829.04288116546,47588.60634690408,52701.98008308325,51722.23865898232,3
22,E,5,5881.6960436353165,5409.187096286527,5168.4071436053955,5168.407143605396,0
22,A,9,7103.730919532544,7078.807056564888,6915.451546959875,6912.950839313621,1
22,B,8,9344.78162413591,8145.011587757031,8399.247862623759,8077.619283017266,2
22,C,8,3842.8605809724922,3842.5107822317073,3008.126209374396,3008.126209374396,0
22,N,2,159.86309610567545,158.1837322709229,159.86309610567545,159.86309610567545,0
22,F,4,3248.942788567795,3246.6668733462766,3207.1293860841324,2956.7584965779165,1
22,H,4,4620.842905751995,1982.4929400310425,4620.842905751995,4620.842905751995,0
22,D,5,2214.1271158197223,2210.861500112526,2167.3702381514668,2167.3702381514668,0
22,G,4,1793.0490060315767,1515.6892339767812,1705.1924177002775,1705.1924177002775,0
22,M,2,976.0102465003235,159.90726358889822,976.0102465003235,976.0102465003235,0
22,S,1,423.9254032032037,64.9110730802637,423.9254032032037,423.9254032032037,0
22,J,4,2253.24805080134,2250.000856068679,2194.215635346843,2156.6325705837244,1
22,I,4,4139.642896919009,3372.7498302558415,3415.515304982131,3047.8571224033003,1
22,O,2,2116.613217263364,1667.4723283155604,2025.5980889101465,2025.5980889101465,0
22,T,1,722.0031616723396,180.5007904180849,722.0031616723396,722.0031616723396,0
22,K,2,2120.426745001615,2072.828735682183,1725.8023568600524,1725.8023568600524,0
22,L,2,1257.9053863623549,1249.5917475556037,1257.9053863623549,1257.9053863623549,0
22,Q,1,637.1125727957341,637.1125727957341,637.1125727957341,637.1125727957341,0
22,P,1,2448.9950801810965,820.8543066534978,2448.9950801810965,2448.9950801810965,0
22,R,1,1523.2660399120455,1523.2660399120455,1523.2660399120455,1523.2660399120455,0
23,total,70,61591.844513444084,51482.88402913726,56599.73563342479,55624.09725760628,2
23,C,7,5977.051499824917,4255.610990154114,5335.010380425054,4618.844717891129,1
23,A,8,6775.554391341393,6760.791392020253,6250.734863470375,6250.734863470374,0
23,B,8,5163.953473990126,5161.82292958118,4502.382089759933,4502.382089759933,0
23,K,3,4345.267465744004,1514.9708365025538,4345.267465744004,4345.267465744004,0
23,L,2,843.4044139656029,274.09508002242734,843.4044139656029,843.4044139656029,0
23,D,6,4629.900794294389,4624.915221080345,4371.36135292907,4287.335575015206,1
23,I,3,3072.0669491312588,2710.9398330331937,3072.0669491312588,3072.0669491312588,0
23,O,1,90.94169953392947,36.82763038977309,90.94169953392947,90.94169953392947,0
23,F,5,3380.127306707845,3375.115004664035,2745.9201491241975,2745.9201491241975,0
23,H,4,568.0035871166403,552.6972691440263,507.9010106497805,507.9010106497805,0
23,Q,1,283.5712743191912,95.04743543662643,283.5712743191912,283.5712743191912,0
23,M,2,850.9042232100305,290.21151314810976,715.1354349438636,715.1354349438636,0
23,G,5,5784.140150786704,5771.777067695699,5525.478432478589,5415.298573887393,1
23,E,6,8120.303801792757,7843.314183630632,6952.009334983789,6952.009334983788,0
23,J,3,3720.1333891621516,3697.111943956042,3072.0306894430255,3006.7636126634734,1
23,N,2,1643.2267325242142,1607.7121959522974,1643.2267325242142,1643.2267325242142,0
23,R,1,711.945466769022,711.945466769022,711.945466769022,711.945466769022,0
23,S,1,660.0686311054905,660.0686311054905,660.0686311054905,660.0686311054905,0
23,T,1,2507.1825871338247,670.7682308027473,2507.1825871338247,2507.1825871338247,0
23,P,1,2464.096674990583,867.1411740486826,2464.096674990583,2464.096674990583,0
24,total,70,63383.92379405594,53325.540091753894,58998.86236782848,58791.87806265335,2
24,L,3,2470.4846762920397,1195.9367207834496,2470.4846762920397,2470.4846762920397,0
24,K,3,1472.0232012127208,1471.2367911853562,1472.0232012127208,1472.0232012127208,0
24,I,3,2322.4942493129593,1455.5235968894383,2322.4942493129593,2322.4942493129593,0
24,D,6,4202.195381726018,4187.692337243536,4138.03139634786,4138.03139634786,0
24,B,8,4602.644576490172,4599.373115809333,3863.4592827151155,3806.1832673993654,1
24,A,8,11899.7704486406,11874.330247847596,10585.524814522316,10523.44809888512,1
24,J,3,2595.0525312100135,2575.9747140434893,2516.2355461569505,2516.2355461569505,0
24,F,5,3298.424161494895,1717.0624733676218,3261.9368188137014,3261.9368188137014,0
24,O,1,40.04900453280145,25.631362900992926,40.04900453280145,40.04900453280145,0
24,H,4,2825.075745785878,2802.6756357145077,2624.071105625562,2598.3348363713976,1
24,G,5,3807.119646195021,3797.9145716165276,3757.743366078915,3757.743366078915,0
24,E,5,7442.424120264408,4575.890600725704,7096.987793862169,7096.98779386217,0
24,M,2,1001.7851489986926,929.3322138770382,1001.7851489986926,1001.7851489986926,0
24,C,7,7898.7491175916475,7896.682662918285,6342.404179048609,6280.5088740805695,1
24,R,1,338.7566205765557,92.94682786794385,338.7566205765557,338.7566205765557,0
24,T,1,657.2170758123355,214.6014941428034,657.2170758123355,657.2170758123355,0
24,S,1,744.060746791634,267.86186884498824,744.060746791634,744.060746791634,0
24,P,1,707.1927500589301,707.1927500589301,707.1927500589301,707.1927500589301,0
24,N,2,4160.233757808576,2039.509272656326,4160.233757808576,4160.233757808576,0
24,Q,1,898.1708332600301,898.1708332600301,898.1708332600301,898.1708332600301,0
26,total,70,57549.9038556049,48333.94710847375,52666.42969955877,51976.50245858092,1
26,J,3,700.6715251664953,700.6715251664953,700.6715251664953,700.6715251664953,0
26,F,5,5070.342320334976,5005.106146930028,4536.334010622758,3886.0933504517325,1
26,C,7,4914.103600270398,4912.132645438798,4914.103600270398,4914.103600270398,0
26,K,3,720.5005318483038,690.332946035097,720.5005318483038,720.5005318483038,0
26,L,3,1308.535525131199,1307.4667994175784,1302.4650099358782,1302.4650099358782,0
26,A,8,9378.420732512146,5700.624782183529,7952.270044899558,7952.270044899558,0
26,P,1,48.643690301276195,27.36207579446786,48.643690301276195,48.643690301276195,0
26,B,7,9100.2412259424,6625.46565336368,8376.029160897942,8376.029160897942,0
26,I,3,638.0322682113253,634.4024117428482,607.0358902518249,607.0358902518249,0
26,E,5,4943.268526197766,3374.202377400544,4815.880460951546,4776.193880144713,1
26,M,2,1294.212832060857,464.5366357092653,1294.212832060857,1294.212832060857,0
26,D,6,4745.8360084187725,4745.005936452066,4430.746209669917,4430.746209669917,0
26,H,4,4304.347869931915,3867.1940278129755,3117.1158853753473,3117.1158853753473,0
26,O,2,1284.1358825140921,1232.6321284108242,1284.1358825140921,1284.1358825140921,0
26,G,5,3574.198764337414,3568.747837190296,3041.8724123670218,3041.8724123670218,0
26,R,1,275.6074704574247,275.6074704574247,275.6074704574247,275.6074704574247,0
26,Q,1,299.12956116005677,299.12956116005677,299.12956116005677,299.12956116005677,0
26,T,1,1000.6750489774657,1000.6750489774657,1000.6750489774657,1000.6750489774657,0
26,N,2,2567.061267969622,2520.711894969327,2567.061267969622,2567.061267969622,0
26,S,1,1381.939203860994,1381.939203860994,1381.939203860994,1381.939203860994,0
27,total,70,59130.9227181532,49409.79185350656,54727.79646977364,54405.74517014684,2
27,Q,1,0.0,0.0,0.0,0.0,0
27,G,4,4390.264286278229,3923.1585964150504,3554.8317865581794,3554.8317865581794,0
27,E,6,3169.891697796435,2367.416949081755,2975.2671571337496,2975.2671571337496,0
27,M,2,170.20355357556093,74.67070247043544,170.20355357556093,170.20355357556093,0
27,B,7,8744.84228408505,5586.154578937998,8394.128008156593,8381.436234839712,1
27,C,6,3854.7760383362324,3849.746504099381,3103.2702426309247,3087.256697146195,1
27,A,9,6122.8675044943675,6119.481675542443,4738.446156587908,4715.085307567071,1
27,I,4,3302.6346953273696,3241.6759127709042,3302.6346953273696,3302.6346953273696,0
27,F,4,3043.1746186473492,3041.499864013461,3043.1746186473492,3043.1746186473492,0
27,K,3,420.7228151720183,401.8316563188134,346.4455766646902,346.44557666469024,0
27,D,6,5305.701139072654,5304.092634140412,5271.2586682099,5001.273536405542,1
27,J,3,1534.7856025039614,1527.7984293664672,1526.4511416688647,1526.4511416688647,0
27,N,2,3468.618087651929,1384.75363557916,3468.618087651929,3468.618087651929,0
27,L,3,3219.863967554518,2877.667492552696,3219.863967554518,3219.863967554518,0
27,O,2,2930.8693298785056,1145.2502377185156,2930.8693298785056,2930.8693298785056,0
27,S,1,366.73260678187467,366.73260678187467,366.73260678187467,366.73260678187467,0
27,T,1,472.8616112523245,472.8616112523245,472.8616112523245,472.8616112523245,0
27,R,1,554.2465201830415,554.2465201830415,554.2465201830415,554.2465201830415,0
27,P,1,1375.274551406764,798.3453178234276,1375.274551406764,1375.274551406764,0
27,H,4,6682.59180815501,6372.406928458388,5913.218189903599,5913.218189903599,0
28,total,70,65187.42531247705,49900.57737582625,55974.19522948403,54724.52255306785,3
28,E,6,4904.740167630334,3393.003325651942,3627.3951634157074,3627.3951634157074,0
28,Q,1,0.7275310505772901,0.7275310505772901,0.7275310505772901,0.7275310505772901,0
28,M,2,921.3249890535056,921.3249890535056,921.3249890535056,921.3249890535056,0
28,D,6,7278.491096135009,4178.260688747189,6642.99682033856,6319.3094866272595,1
28,G,5,3999.8215046712107,2350.4561878016707,3412.470666494664,3412.470666494664,0
28,H,4,518.9992397625905,517.7966147949472,492.5016443335404,492.5016443335404,0
28,K,3,3247.594222524205,1021.4920431987109,3247.594222524205,3247.594222524205,0
28,B,7,6584.274689540367,5480.906420644814,4997.158324631158,4860.23296821382,1
28,J,3,3194.0665836640605,3109.8307510033956,3018.5128479832747,2554.6107850773165,1
28,F,5,5211.660518211772,5186.908168202383,4331.9622928455665,4331.9622928455665,0
28,A,8,10214.108779524633,9142.322286345625,8445.807760796128,8356.161132501598,1
28,I,4,3980.701885700207,2606.5986719121706,3980.701885700207,3762.134788965534,1
28,R,1,120.62609341913748,120.62609341913748,120.62609341913748,120.62609341913748,0
28,L,3,1895.0812697903002,1874.4421308157002,1895.0812697903002,1895.0812697903002,0
28,P,1,454.1927197862328,42.07078122783631,454.1927197862328,454.1927197862328,0
28,C,7,7664.415336012729,7649.177599146322,5388.542311321075,5371.598112968712,1
28,N,1,637.2285847687978,117.04198495753428,637.2285847687978,637.2285847687978,0
28,S,1,854.11833894803,120.11039141456672,854.11833894803,854.11833894803,0
28,T,1,1759.3447510054514,421.3188652249361,1759.3447510054514,1759.3447510054514,0
28,O,1,1745.9070112778916,1646.1618512132861,1745.9070112778916,1745.9070112778916,0
29,total,70,54838.3984821421,47295.22631141434,51470.62994976438,50890.99468735212,2
29,E,6,3014.0327711016566,3004.7049254027334,2911.1938706558353,2853.508171272405,2
29,A,7,8079.282897646031,8071.409385657347,7292.723785099233,7292.723785099234,0
29,N,2,140.29794258975468,140.29794258975468,140.29794258975468,140.29794258975468,0
29,C,7,7178.408168783972,7171.9640800473835,6505.0036806080525,6505.003680608053,0
29,R,1,11.840767214933948,11.840767214933948,11.840767214933948,11.840767214933948,0
29,I,4,802.6847182741585,798.7871988405476,802.6847182741585,765.8631244838764,1
29,B,7,6263.787260603373,6207.915489861869,6263.787260603373,5778.6592913648365,1
29,D,7,7567.147447810653,3766.8157844667685,7155.394979879342,7155.394979879342,0
29,G,5,1740.4329324949604,1736.6557003673547,1691.7938226359806,1691.7938226359806,0
29,M,2,1216.4751007848504,558.7174098529349,1216.4751007848504,1216.4751007848504,0
29,T,1,39.84468111703763,39.84468111703763,39.84468111703763,39.84468111703763,0
29,H,4,1631.5479681534828,1630.567087092375,1527.5119580875694,1527.5119580875694,0
29,Q,1,120.63226475099252,120.63226475099252,120.63226475099252,120.63226475099252,0
29,L,2,3770.248254073756,1503.7862234137397,3770.248254073756,3770.248254073756,0
29,K,2,1186.0231317732087,1186.0231317732087,1186.0231317732087,1186.0231317732087,0
29,J,4,4065.3836348875975,4055.864536577249,3547.0100411201706,3547.010041120171,0
29,F,5,4289.337751974767,4289.061935526729,3567.1729023892194,3567.1729023892194,0
29,P,1,1371.5435789682201,650.8905577226961,1371.5435789682201,1371.5435789682201,0
29,O,1,889.0784459418735,889.0784459418735,889.0784459418735,889.0784459418735,0
29,S,1,1460.3687631968107,1460.3687631968107,1460.3687631968107,1460.3687631968107,0
31,total,70,64826.34801640823,52811.71506434708,58049.190687417766,57107.934249064834,1
31,N,2,217.71864589018253,127.31643998422439,217.71864589018253,217.71864589018253,0
31,G,5,7310.358369594353,3890.2961188351755,6627.533411086836,6627.533411086837,0
31,F,5,4326.380907756609,3316.4719223617867,4078.9246418123803,3962.1245963388683,1
31,A,7,9167.824104247476,5939.409930116248,8640.56806204142,8640.56806204142,0
31,L,3,331.55742878416913,328.3536309188775,331.55742878416913,331.55742878416913,0
31,B,7,5721.218199290555,5607.196175926532,4792.408051107014,4792.408051107014,0
31,T,1,28.37637038593929,28.37637038593929,28.37637038593929,28.37637038593929,0
31,H,5,2164.2417190511346,2156.1087871998498,1965.574769188519,1965.5747691885192,0
31,C,6,6086.6997330169925,6059.71959505535,4953.541699315141,4953.541699315141,0
31,K,3,1074.0366269684469,1058.9344030795341,1074.0366269684469,1074.0366269684469,0
31,Q,1,75.48611636055173,75.48611636055173,75.48611636055173,75.48611636055173,0
31,I,4,4299.576700422132,4003.81894150965,3466.024148608152,3466.024148608152,0
31,E,6,7746.679532766771,7452.4322549807985,7082.433897957548,7082.43389795755,0
31,D,6,9078.595550814884,6878.404541653407,8153.3064723701755,7328.85007949075,1
31,M,2,611.0565713046161,599.3254038930297,611.0565713046161,611.0565713046161,0
31,J,3,2602.593607137161,2602.3408608249892,1966.6959416204177,1966.6959416204177,0
31,O,1,377.02155100381856,377.02155100381856,377.02155100381856,377.02155100381856,0
31,S,1,1237.2468669773432,522.7368012979275,1237.2468669773432,1237.2468669773432,0
31,R,1,1258.5162887214378,676.802093045751,1258.5162887214378,1258.5162887214378,0
31,P,1,1111.163125913651,1111.163125913651,1111.163125913651,1111.163125913651,0
32,total,70,66003.72818922508,56005.52670687834,62641.99470769016,61929.27419346589,2
32,H,4,1180.9985468863895,1180.5524726457675,1150.1392908971527,1150.1392908971527,0
32,C,7,3065.2902546748,3064.989793219349,2664.457720752514,2664.457720752514,0
32,A,8,12985.818901081091,11246.988608315876,12663.947848541426,12497.703609004173,1
32,F,5,2183.5115090386544,2176.0652015386418,2183.5115090386544,2183.5115090386544,0
32,K,3,3618.679263787796,3580.2501769526193,3618.679263787796,3618.679263787796,0
32,D,6,6137.56551642701,6121.350925903984,4466.537841809758,4466.537841809758,0
32,I,4,553.9066462081748,548.4158366125075,552.0580782620774,552.0580782620774,0
32,G,4,3597.3188387922437,1890.4025905912974,3597.3188387922437,3597.3188387922437,0
32,S,1,39.28032156420454,39.28032156420454,39.28032156420454,39.28032156420454,0
32,L,2,200.15968736861117,174.19716949612095,200.15968736861117,200.15968736861117,0
32,B,7,5487.688841922748,5478.761280052231,4826.744663530745,4794.766021117774,1
32,J,3,3165.135851338046,1892.4906125037282,3165.135851338046,3165.135851338046,0
32,Q,1,293.07048315454904,293.07048315454904,293.07048315454904,293.07048315454904,0
32,M,2,2505.80347310676,2468.2224558208522,2505.80347310676,2505.80347310676,0
32,E,6,6140.604874505415,6133.967255294043,5866.254656377063,5567.4484043713965,1
32,N,2,4614.446394187437,2596.5734071310303,4614.446394187437,4614.446394187437,0
32,T,1,1396.3338644355397,934.7358927213118,1396.3338644355397,1396.3338644355397,0
32,R,1,1895.4381134461025,1200.73359873033,1895.4381134461025,1895.4381134461025,0
32,O,2,3297.626451470912,3293.2548825535887,3297.626451470912,3081.935071202532,1
32,P,1,3645.050355828567,1691.2237420763083,3645.050355828567,3645.050355828567,0
33,total,70,64614.300737635655,51961.45896253216,58606.21720535534,58259.5291255649,1
33,A,7,5626.963248656646,5301.057408181739,4112.481500420633,4112.481500420633,0
33,B,7,7714.758549782218,7704.317195973329,6854.149488223661,6558.56443136267,1
33,K,3,192.66535347831677,174.92963440107224,161.60119099525997,161.60119099525997,0
33,I,4,9806.677661768099,3341.402835135067,9799.391806457934,9799.391806457934,0
33,F,5,2659.0458950766415,2641.000629421708,2080.8176152486617,2080.8176152486617,0
33,D,6,4608.031846462734,4606.019536014917,3852.0939513471894,3852.0939513471894,0
33,L,3,888.7147648744096,886.69385297283,888.7147648744096,888.7147648744096,0
33,E,6,4972.9440903566065,3645.613145982642,4932.67621321254,4932.67621321254,0
33,R,1,88.39729588627584,18.26390410873468,88.39729588627584,88.39729588627584,0
33,J,4,7650.786152680221,6750.484843325343,7254.2260848966835,7254.2260848966835,0
33,C,7,3063.21282589136,3059.709891560722,2773.21099463975,2722.107971710299,1
33,G,4,3063.867187843429,3043.415720550081,3020.718205977214,3020.718205977214,0
33,N,2,1335.062703374569,1297.5623095551462,1315.6700498352538,1315.6700498352538,0
33,H,4,5886.370361205978,4213.44943154117,4473.470909292229,4473.470909292229,0
33,P,1,335.37550553854305,69.29245982201303,277.1698392880521,277.1698392880521,0
33,T,1,643.0014917784125,241.54374457024656,643.0014917784125,643.0014917784125,0
33,M,2,2062.1595150493604,2062.1595150493604,2062.1595150493604,2062.1595150493604,0
33,O,1,1883.0003109176585,771.2769273518729,1883.0003109176585,1883.0003109176585,0
33,Q,1,1108.9093405861472,1108.9093405861472,1108.9093405861472,1108.9093405861472,0
33,S,1,1024.3566364280232,1024.3566364280232,1024.3566364280232,1024.3566364280232,0
34,total,70,60069.18086950364,50730.41517904018,55493.784192712315,55412.89339276587,1
34,B,7,9692.69356857121,5217.762507618428,9039.688416518899,9039.688416518899,0
34,F,5,2945.131150941893,2781.6575276441554,2934.013394184275,2934.013394184275,0
34,E,5,6419.043724930858,3418.4479920024487,6419.043724930858,6419.043724930858,0
34,N,2,1670.7278239467632,1665.535891524841,1670.7278239467632,1670.7278239467632,0
34,A,8,8753.390857579188,8747.747784467687,7501.215166209864,7501.215166209864,0
34,D,6,3233.8845760366094,3232.7187393299314,3184.6649240747474,3184.6649240747474,0
34,H,4,519.7104772205233,517.3445526586089,519.7104772205233,519.7104772205233,0
34,J,4,1536.4953643589117,1353.9987638590223,1491.4239121892106,1491.4239121892106,0
34,C,6,4697.731879052011,4667.271964284168,3525.237895383446,3525.237895383446,0
34,L,3,1824.5436590460154,1792.6087811578684,1824.5436590460154,1824.5436590460154,0
34,K,3,2566.7344664573448,2283.7458302171362,2543.7280484111216,2543.7280484111216,0
34,R,1,225.72318182726656,38.27140453126665,225.72318182726656,225.72318182726656,0
34,G,4,4612.8941697267555,4609.827358619895,3971.061830197742,3971.061830197742,0
34,M,2,1637.9728860411067,1559.9164313524254,1637.9728860411067,1637.9728860411067,0
34,I,4,4520.3932297122055,4505.085055780174,3792.918998475499,3732.086430123036,1
34,O,2,1376.8053195811315,1376.0883811305866,1376.8053195811315,1356.7470879871446,1
34,P,1,477.34301728321867,477.34301728321867,477.34301728321867,477.34301728321867,0
34,T,1,1183.367498895403,310.4491772830891,1183.367498895403,1183.367498895403,0
34,Q,1,927.0352753738779,927.0352753738779,927.0352753738779,927.0352753738779,0
34,S,1,1247.5587429213401,1247.5587429213401,1247.5587429213401,1247.5587429213401,0
35,total,70,64832.59863757405,51365.22174620347,57985.55515038873,57528.266288471685,3
35,F,5,2501.560543404535,2500.6511592461025,1851.0571614208006,1851.0571614208006,0
35,G,5,5803.904424252278,2182.105488545669,5715.173756326792,5715.173756326792,0
35,B,6,8208.056903445373,7768.142074778596,6921.546241666099,6843.525649448528,1
35,K,3,1574.0866728381193,1537.2066806056093,1197.9816408215638,1197.9816408215638,0
35,C,6,4183.585399734946,4182.9792363626,3590.030559005145,3570.9563000997446,1
35,O,2,1297.430290966492,165.7642391851418,1297.430290966492,1297.430290966492,0
35,E,5,1203.5094360274745,1196.8839696212463,1203.5094360274745,1131.4822299528391,1
35,I,4,1411.690472557063,1404.7481866874477,1272.2916319254841,1253.1653483750817,1
35,N,2,1821.7854609164879,1624.8759091285174,1821.7854609164879,1821.7854609164879,0
35,J,4,4617.613676846366,4609.488523212239,3623.7320328653,3623.7320328653,0
35,A,7,9534.833815146196,9534.717110717675,7470.5576483649975,7260.596073777536,1
35,H,5,1911.9006986224038,1910.681727451905,1911.9006986224038,1911.9006986224038,0
35,D,6,4925.034505741647,4917.667811942054,4430.191138880143,4371.112192298564,1
35,R,1,152.99339573580727,152.99339573580727,152.99339573580727,152.99339573580727,0
35,M,2,3245.747905914876,3219.9555666760143,3221.216492215282,3221.216492215282,0
35,S,1,589.7881765744974,147.44704414362434,508.54184612801043,508.54184612801043,0
35,P,1,327.4792408941554,327.4792408941554,283.86726113179463,283.86726113179463,0
35,L,3,5652.4412022154775,1686.5391716867032,5642.592041628808,5642.592041628808,0
35,T,1,2474.4514828641804,1194.9304632848857,2474.4514828641804,2474.4514828641804,0
35,Q,1,3394.7049328756775,1099.964746297468,3394.7049328756775,3394.7049328756775,0
36,total,70,59818.182278416534,45817.48475272224,51544.545584702704,51124.93889116384,1
36,K,3,2239.102451835845,331.2281733484978,2239.102451835845,2239.102451835845,0
36,G,5,3014.2288403092925,1937.3470100227323,3014.2288403092925,3014.2288403092925,0
36,S,1,2.714047282657322,2.714047282657322,2.714047282657322,2.714047282657322,0
36,F,5,2786.598755681919,1659.0496112196206,2723.8385190753693,2723.8385190753693,0
36,Q,1,7.478433553430518,7.478433553430518,7.478433553430518,7.478433553430518,0
36,E,6,2586.4779497529958,2567.8417127571047,2248.9891059906213,2248.989105990621,0
36,P,1,12.089645493572522,12.089645493572522,12.089645493572522,12.089645493572522,0
36,I,4,3669.3775053069876,2934.191000683831,2079.1217711269437,2079.1217711269433,0
36,D,6,3621.929884372087,3609.0182084837966,3334.450171065374,3334.450171065374,0
36,J,4,3574.48251177739,3553.217644481123,2676.824340514987,2676.824340514987,0
36,B,6,5680.223997694228,4045.7313382526954,5142.778167458348,4815.319855979241,1
36,O,1,103.06883349279857,11.452092610310952,103.06883349279857,103.06883349279857,0
36,L,3,3581.049507357663,2846.5672277787307,2666.705527178351,2666.705527178351,0
36,T,1,130.62361940159033,130.62361940159033,130.62361940159033,130.62361940159033,0
36,H,5,4955.576511147223,4950.21674651494,3949.3641224036537,3949.3641224036533,0
36,M,2,2139.289375737225,2091.4389921133825,2108.5834855061325,2108.5834855061325,0
36,C,6,6516.684303073818,6448.374163359725,5838.446547380803,5746.298165321054,1
36,A,7,11184.169301459666,5659.254312008437,9253.121151946794,9253.121151946794,0
36,N,2,2791.90155096679,1798.5355206367135,2791.90155096679,2791.90155096679,0
36,R,1,1221.1152527193458,1221.1152527193458,1221.1152527193458,1221.1152527193458,0
37,total,70,60245.49233289091,49399.244889406735,54839.90521470932,53757.7646151192,4
37,E,5,4011.0696711089618,4005.791936833889,3917.2490520870833,3917.249052087084,0
37,I,4,1605.972330934389,1605.3410216043997,1266.1428717014962,1266.1428717014962,0
37,D,6,4047.1750083780594,4043.1530259097353,4018.594232960503,3899.5667003639924,1
37,B,8,2309.5353946630826,2307.456153369815,2097.133593699258,1925.8028846985812,2
37,C,7,6900.606944184152,5265.458692503122,6168.25826954215,6089.478902352757,1
37,G,5,2889.606663493883,2378.088527333282,2827.287233471605,2594.178709211176,1
37,N,1,29.397100861640155,13.065378160728958,29.397100861640155,29.397100861640155,0
37,F,5,2869.7683051797762,2855.9628508119545,2462.7357283519996,2414.2664919348995,1
37,H,5,5143.288691769756,5138.625014753285,4979.021130072201,4924.5202521796045,1
37,K,3,5484.248257722876,2445.9843688144642,4527.816948889259,4527.816948889259,0
37,S,1,267.33145882075684,59.98295890438034,267.33145882075684,267.33145882075684,0
37,Q,1,223.76496756917143,223.76496756917143,223.76496756917143,223.76496756917143,0
37,M,2,1788.1300795253696,1768.4161156148484,1788.1300795253696,1788.1300795253696,0
37,O,1,633.6356564726001,169.522024621088,633.6356564726001,633.6356564726001,0
37,A,8,13201.698976786087,10037.859165881851,10793.144065263874,10416.219713030454,1
37,J,3,3339.7080265082977,2572.509729263009,3339.7080265082977,3339.7080265082977,0
37,L,2,1280.3293683601796,1266.7807254387303,1280.3293683601796,1280.3293683601796,0
37,T,1,881.2108806581308,881.2108806581308,881.2108806581308,881.2108806581308,0
37,R,1,1968.5493188577193,989.8061203248235,1968.5493188577193,1968.5493188577193,0
37,P,1,1370.4652310360302,1370.4652310360302,1370.4652310360302,1370.4652310360302,0
38,total,70,62761.468263602444,52734.882306027306,58321.33662226967,58149.9542016021,1
38,E,5,1590.6649799079964,1585.5531463810707,1590.6649799079964,1590.6649799079964,0
38,O,2,3024.2514209833007,946.6036162303363,3024.2514209833007,3024.2514209833007,0
38,R,1,2.6892749212891838,2.6892749212891838,2.6892749212891838,2.6892749212891838,0
38,M,2,3434.4091263006676,1241.3076597448367,3434.4091263006676,3434.4091263006676,0
38,F,5,3757.5155343538627,3753.76938097839,3063.9063211006933,3063.9063211006933,0
38,A,8,6772.19610239716,6771.138436518671,6383.991787739058,6383.991787739058,0
38,G,5,3127.206285883706,3121.511288337732,3001.3988797786005,3001.3988797786005,0
38,J,4,613.9958520497413,605.645768245493,611.9447428589392,457.013033226175,1
38,C,6,6124.979123858302,5238.9688293154095,5240.441293617523,5240.441293617523,0
38,Q,1,37.735361195207965,37.735361195207965,37.735361195207965,37.735361195207965,0
38,H,4,2345.6432036523447,2339.130668406411,2250.9499600199397,2250.9499600199397,0
38,I,4,1329.348914238767,1317.8606676820145,1289.7462498582468,1273.2955388234454,1
38,D,6,5005.971144935342,4954.515755010319,4493.993148588864,4493.993148588864,0
38,B,7,8784.797173366991,8783.57672927306,7716.994257542369,7716.994257542369,0
38,N,2,2826.5256373904804,1407.2407062670732,2826.5256373904804,2826.5256373904804,0
38,T,1,1118.2452175479311,910.6946477234491,1118.2452175479311,1118.2452175479311,0
38,K,3,5177.146024756984,5160.736793020069,4545.301077056197,4545.301077056197,0
38,L,2,3389.3934552613155,1553.6392209313399,3389.3934552613155,3389.3934552613155,0
38,P,1,1137.2990279817072,1137.2990279817072,1137.2990279817072,1137.2990279817072,0
38,S,1,3161.455402619343,1865.2653278634184,3161.455402619343,3161.455402619343,0
39,total,70,53126.612560074514,44376.48527716439,48224.827357589464,47614.537342876,2
39,D,6,7008.969287461041,3878.18433584952,5174.471043934718,5174.471043934717,0
39,M,2,3.4383344629432826,0.0,3.2911919890650605,3.2911919890650605,0
39,H,4,1129.1149194091413,1125.9018006877789,1129.1149194091413,1129.1149194091413,0
39,A,8,3960.4137146435255,3954.405029610596,3731.199746924129,3731.199746924129,0
39,G,5,4021.616327148173,4014.3533119135095,4021.616327148173,3712.348513505943,1
39,I,4,2437.094950293891,2353.1559436583593,2275.658096836163,2275.658096836163,0
39,E,5,4655.450262805316,2737.6291346786184,4655.450262805316,4423.869980359689,1
39,J,3,298.25565522009384,294.4651325794757,298.25565522009384,298.25565522009384,0
39,Q,1,47.69384030907876,47.69384030907876,47.69384030907876,47.69384030907876,0
39,F,5,3216.2780850366175,3152.259718906858,2932.3543808794175,2932.3543808794175,0
39,C,7,7801.660508586121,7721.153514186466,6428.607855799867,6428.607855799866,0
39,B,7,5165.705126172851,5160.092302039626,5090.099038786369,5020.65712016075,2
39,T,1,248.23417548115637,76.61548625961616,248.23417548115637,248.23417548115637,0
39,L,2,1065.740792000291,1050.203112689897,1065.740792000291,1065.740792000291,0
39,O,2,813.7181099704727,804.5460120010055,813.7181099704727,813.7181099704727,0
39,S,1,537.9259674946809,114.58778005803853,537.9259674946809,537.9259674946809,0
39,K,3,3410.520298009419,3367.032748607311,3410.520298009419,3410.520298009419,0
39,R,1,845.9122974014052,845.9122974014052,845.9122974014052,845.9122974014052,0
39,N,2,5061.9255501928055,2281.349417751755,4118.018999215031,4118.018999215031,0
39,P,1,1396.9443579754798,1396.9443579754798,1396.9443579754798,1396.9443579754798,0
40,total,70,65881.14135179989,53407.077152690385,58836.75193573024,58168.183244559725,1
40,A,7,6094.5511431968425,5089.881963410528,5011.303430214364,5011.303430214364,0
40,N,2,1043.7244245668142,1043.7244245668142,1043.7244245668142,1043.7244245668142,0
40,G,5,5131.259737509817,2233.4601474599567,5131.259737509817,5131.259737509817,0
40,E,5,3869.2562104556355,3848.005281446275,3869.2562104556355,3253.2231625917007,1
40,C,6,7548.349063256053,7464.806579046497,5640.6551691754385,5640.655169175438,0
40,M,3,2996.1895687629553,2986.153628254796,2970.1744921527547,2970.174492152755,0
40,F,5,3255.30643384207,3239.742708972673,2272.753106993863,2272.753106993863,0
40,K,3,1488.5088103926976,1469.8476436381497,1488.5088103926976,1488.5088103926976,0
40,H,4,463.9020924413281,462.6367896664751,377.3979906171995,377.3979906171995,0
40,I,4,4569.674379896646,2865.5836525416707,4569.674379896646,4569.674379896646,0
40,B,6,9387.127238500841,7758.982173126898,7687.974503641154,7635.438860334578,1
40,P,2,490.31955798487934,488.85623253819125,490.31955798487934,490.31955798487934,0
40,L,3,1793.5164613677389,1768.0585037750984,1701.4223131023623,1701.4223131023623,0
40,D,6,7649.384158018573,7648.3650273880785,6482.255737419614,6482.255737419614,0
40,Q,1,132.66687765877307,132.66687765877307,132.66687765877307,132.66687765877307,0
40,S,1,386.7751806637647,59.22266471411142,386.7751806637647,386.7751806637647,0
40,J,3,3889.9654080010123,1864.646897321034,3889.9654080010123,3889.9654080010123,0
40,T,1,505.7737926235371,107.73879606181856,505.7737926235371,505.7737926235371,0
40,O,2,3250.007907041889,1461.752916966946,3250.007907041889,3250.007907041889,0
40,R,1,1934.882905618021,1412.9442441356061,1934.882905618021,1934.882905618021,0
41,total,70,64155.31312452182,52801.39256685065,59149.512223395875,59149.51222339588,0
41,D,6,5095.211725152264,5088.87911754648,4714.513844141839,4714.513844141839,0
41,A,8,6978.104049159881,6968.096496243026,5603.212204865452,5603.212204865452,0
41,B,7,6414.812413274822,6392.172587141265,5233.810549743549,5233.810549743549,0
41,G,5,1918.937249383509,1867.2672784840572,1656.2000825579548,1656.2000825579548,0
41,E,5,3916.370738097662,3132.2464141048686,3898.4286886050763,3898.4286886050763,0
41,K,3,1886.5828211072499,1883.3859038603357,1886.5828211072499,1886.5828211072499,0
41,O,2,1304.3833555289086,579.2824871579437,1304.3833555289086,1304.3833555289086,0
41,R,1,108.2353015634038,48.104578472623906,108.2353015634038,108.2353015634038,0
41,C,7,5905.540416674378,5894.157726343885,5124.421851016171,5124.421851016171,0
41,M,2,224.40833663427617,224.40833663427617,224.40833663427617,224.40833663427617,0
41,J,3,3806.3716526391454,3783.0800344697564,3441.723677849339,3441.723677849339,0
41,F,5,4721.073667260439,3808.660615860943,4319.284271232054,4319.284271232054,0
41,S,1,181.9235858093218,181.9235858093218,181.9235858093218,181.9235858093218,0
41,P,1,200.2996888330956,200.2996888330956,200.2996888330956,200.2996888330956,0
41,H,4,3004.780716748788,2997.375874250062,2970.413054741405,2970.413054741405,0
41,I,4,7560.065281839097,3680.683832808013,7353.458784351192,7353.458784351192,0
41,N,2,2053.1878904591376,984.3783318512524,2053.1878904591376,2053.1878904591376,0
41,L,2,3447.7881759941447,3028.644634396709,3447.7881759941447,3447.7881759941447,0
41,T,1,1909.1447163640707,816.1876080313853,1909.1447163640707,1909.1447163640707,0
41,Q,1,3518.0913419982217,1242.157434551357,3518.0913419982217,3518.0913419982217,0
42,total,70,66431.08977983036,55382.98599517832,62800.63118421903,61682.26991467122,5
42,G,5,3818.3088377351264,3817.209606388729,3182.1553852652182,3182.1553852652182,0
42,A,9,9239.904799483409,9238.492262583764,8591.965807281344,8246.784787569875,2
42,C,6,5446.791357706858,5443.575256045602,5196.113208393604,5196.113208393604,0
42,E,5,1992.8956652984853,1967.0677610110022,1977.5669473503235,1813.813401512945,1
42,D,6,6521.272459801055,6515.867138181821,6189.875988949323,6140.163742477034,1
42,O,2,3169.372418957645,1760.2330225950784,3161.9904158244535,3074.213959740685,1
42,M,2,309.55204971502934,70.55440858118124,290.802196362169,290.802196362169,0
42,R,1,35.796690158034714,35.796690158034714,21.654787873379025,21.654787873379025,0
42,K,3,4111.561966527428,3121.6058119865293,4085.677183816537,4085.677183816537,0
42,B,7,7327.92772757182,7213.364902407025,6885.047790512782,6808.863049719831,2
42,F,5,3390.5340777672336,3388.2491515720167,2150.609743481662,2141.233486622521,1
42,J,3,2799.9764642841483,2788.6165208918874,2799.9764642841483,2799.9764642841483,0
42,I,3,3068.1037714408794,1627.8535610284814,3068.1037714408794,3068.1037714408794,0
42,Q,1,174.49217854019315,142.8382686009291,174.49217854019315,174.49217854019315,0
42,T,1,226.71086440814423,188.99714783363254,226.71086440814423,226.71086440814423,0
42,N,2,1998.970331877147,1949.8057112817814,1998.970331877147,1668.934693864441,1
42,L,2,2115.1755101976896,1036.8575678646348,2115.1755101976896,2115.1755101976896,0
42,H,5,8795.372579689563,3899.076015833383,8795.372579689563,8739.031213911463,1
42,P,1,1256.2382071907678,544.7933688531051,1256.2382071907678,1256.2382071907678,0
42,S,1,632.1318214797068,632.1318214797068,632.1318214797068,632.1318214797068,0
43,total,70,61263.184096494566,51025.999949155324,57117.25356125418,56472.3414041797,1
43,E,5,3067.0687511773485,3054.3742407415793,3005.288257912701,2862.5646227942525,1
43,N,2,54.50776072635663,54.50776072635663,54.50776072635663,54.50776072635663,0
43,D,5,5108.61511202654,4528.044335261404,5108.61511202654,5108.61511202654,0
43,A,8,8847.84577716977,6878.662999804148,7416.234231596558,7416.234231596558,0
43,I,4,2112.641156792788,2111.5977962580682,2112.641156792788,2112.641156792788,0
43,C,7,4737.557278007137,4736.378522989663,4552.475634317951,4050.287112361899,1
43,H,4,3471.4931122252738,2478.51934973086,3471.4931122252738,3471.4931122252738,0
43,G,5,1947.497792283124,1945.0846936116457,1947.497792283124,1947.497792283124,0
43,Q,1,116.81291336938817,55.98725433680735,116.81291336938817,116.81291336938817,0
43,B,7,4904.913405569036,4902.797820893337,4699.774936996006,4699.774936996006,0
43,M,2,282.60429771352426,282.60429771352426,282.60429771352426,282.60429771352426,0
43,P,1,495.87332157310357,187.7863466312345,495.87332157310357,495.87332157310357,0
43,F,5,7138.576402177212,6187.844830888387,6070.934693785868,6070.934693785868,0
43,J,3,4840.281333895073,3854.591764456055,3804.2873343214014,3804.2873343214014,0
43,S,1,864.6430843607174,242.33941118760592,864.6430843607174,864.6430843607174,0
43,R,1,343.4501820274894,343.4501820274894,343.4501820274894,343.4501820274894,0
43,L,3,4906.87957817696,1691.595259361685,4906.87957817696,4906.87957817696,0
43,T,1,834.322954749506,834.322954749506,834.322954749506,834.322954749506,0
43,K,3,4582.622665608822,4061.421691938327,4423.939989433547,4423.939989433547,0
43,O,2,2604.9772168653967,2594.088435847634,2604.9772168653967,2604.9772168653967,0
45,total,70,55683.28506604818,46736.44640630453,53045.62210124573,52381.62786312025,2
45,B,7,7880.021233848495,7831.536378114556,7142.260924823315,7085.75622615713,1
45,H,4,5119.587646271015,3466.18465849686,5013.595530329512,5013.595530329512,0
45,F,5,494.0717805719393,483.49674137358136,440.40104310239303,440.40104310239303,0
45,C,6,5131.444157991476,5116.040830128313,5101.864092781093,4748.291672606245,1
45,D,6,3818.7712888594224,3818.071340538787,3735.5369998778733,3629.5985675110824,1
45,A,7,6193.383043108483,6181.019302209199,5714.677765321466,5714.677765321466,0
45,O,2,1189.9286245708843,460.33532796622654,1189.9286245708843,1189.9286245708843,0
45,S,1,18.57787507393354,18.57787507393354,18.57787507393354,18.57787507393354,0
45,P,1,59.809901808780566,6.645544645420062,59.809901808780566,59.809901808780566,0
45,R,1,73.24328035925963,11.718924857481541,73.24328035925963,73.24328035925963,0
45,T,1,62.797054289430505,62.797054289430505,62.797054289430505,62.797054289430505,0
45,G,5,3427.008075815809,3423.450735911601,2910.361943127683,2910.3619431276825,0
45,E,6,3383.3371893722942,3379.5895709252645,3000.13919470121,2852.160507783553,1
45,L,2,1407.0308736371817,1377.6938475029308,1407.0308736371817,1407.0308736371817,0
45,J,4,6153.633526574249,2135.936338120451,6153.633526574249,6153.633526574249,0
45,I,4,2047.0909012348534,2046.857936859033,2047.0909012348534,2047.0909012348534,0
45,N,2,1016.646798491138,996.2229121443619,1016.646798491138,1016.646798491138,0
45,K,3,2717.0475131746744,2690.5912893237783,2717.0475131746744,2717.0475131746744,0
45,Q,1,1101.558905017147,1101.558905017147,1101.558905017147,1101.558905017147,0
45,M,2,4388.295395977705,2128.120892806187,4139.41935294966,4139.41935294966,0
46,total,70,57703.59736121735,49104.56664377695,52777.19507182094,52414.54117698285,2
46,L,3,1224.2294300202018,1224.2294300202018,1224.2294300202018,1224.2294300202018,0
46,C,6,6075.79337724121,2875.5689771790467,6074.0975112578435,6074.0975112578435,0
46,A,9,8845.89282125986,8844.989023133418,6816.327951950599,6816.327951950599,0
46,P,1,19.896663852969542,7.162798987069035,19.896663852969542,19.896663852969542,0
46,B,7,2868.335306255115,2868.163034740084,2850.6069835306917,2850.6069835306917,0
46,E,6,2587.037410131124,2586.5886550675305,2489.8201276598184,2381.585940955999,1
46,J,3,1568.014233939483,1553.2483168177173,1281.9856557457958,1281.9856557457958,0
46,R,1,169.437523250132,91.11973472562653,169.437523250132,169.437523250132,0
46,D,6,6801.7376524571755,5266.115462871939,5473.449043975808,5467.523071866492,1
46,O,1,174.64001374100613,174.64001374100613,174.64001374100613,174.64001374100613,0
46,H,4,3878.3276844646334,3875.699478186103,3878.3276844646334,3878.3276844646334,0
46,G,5,5396.912879851039,5375.521678765943,5335.04262110014,5265.2096966800045,1
46,N,1,465.0490489202473,116.26226223006182,465.0490489202473,465.0490489202473,0
46,K,3,2235.5415406331977,985.3379080109995,2235.5415406331977,2235.5415406331977,0
46,F,5,4824.17891362544,4810.995025134553,4254.11348628731,4075.452674682489,1
46,I,4,4448.6367364698135,4180.98621518332,3914.6936603258514,3914.693660325851,0
46,T,1,354.0265255677171,354.0265255677171,354.0265255677171,354.0265255677171,0
46,Q,1,1393.270887813651,486.49334719113017,1393.270887813651,1393.270887813651,0
46,M,2,3097.382202090617,2152.1622465907767,3097.382202090617,3097.382202090617,0
46,S,1,1275.2565096327157,1275.2565096327157,1275.2565096327157,1275.2565096327157,0
47,total,70,57068.223418808164,47415.3233630039,53571.28537697185,52154.04511141247,2
47,F,5,2304.274100100609,2303.904752268994,1958.9986312668407,1958.9986312668407,0
47,M,2,1542.3536603428113,1474.5642994152277,1542.3536603428113,1542.3536603428113,0
47,R,1,1.3648438359848722,0.0,1.3648438359848722,1.3648438359848722,0
47,H,4,3172.042247448942,3169.515163286719,3172.042247448942,3172.042247448942,0
47,B,7,8169.689256574227,7696.0297356067695,7927.38217635458,6864.063565281748,1
47,L,3,1225.6458242219555,1203.8791867229195,1225.6458242219555,1225.6458242219555,0
47,S,1,29.861530788263384,3.3179478653625982,29.861530788263384,29.861530788263384,0
47,C,6,3849.6411192710984,3832.2935351258243,3080.582622062294,3080.5826220622935,0
47,A,8,7019.26730284481,4884.877420944902,6982.826262820196,6874.785620518896,1
47,J,3,1929.8420494481215,1929.593042406371,1137.210022524096,1137.210022524096,0
47,D,6,6315.475246861664,5719.185365402979,5989.306335984964,5764.044141945586,1
47,N,2,972.5546971947657,972.5546971947657,972.5546971947657,972.5546971947657,0
47,E,6,4286.023491887507,4282.363791655207,3609.39908651548,3609.39908651548,0
47,P,1,188.88485136129412,47.22121284032353,188.88485136129412,188.88485136129412,0
47,G,4,2590.919478216432,2574.070932452148,2288.8596670726215,2268.2408489267345,1
47,K,3,1746.3657232060605,1738.3262879346817,1746.3657232060605,1746.3657232060605,0
47,I,4,6584.806838292856,2121.7953953255355,6578.4360370599425,6578.4360370599425,0
47,Q,1,1121.9052761793646,537.71791343508,1121.9052761793646,1121.9052761793646,0
47,O,2,2934.894009364415,1841.7008117530888,2934.894009364415,2934.894009364415,0
47,T,1,1082.4118713669916,1082.4118713669916,1082.4118713669916,1082.4118713669916,0
48,total,70,55388.46815684589,46047.847513660854,53183.34228312741,51951.414390571226,3
48,A,8,5680.933989618603,5653.892818390613,5388.011229436999,4983.399583495532,1
48,B,7,2774.121979339372,2770.7019620530564,2742.5178869149713,2742.5178869149713,0
48,H,4,2625.5215295238154,2625.1910044376446,2051.5017846795045,2010.02700607905,1
48,K,3,2815.5847269421583,1998.4336367459869,2815.5847269421583,2815.5847269421583,0
48,M,2,204.19273548549032,204.19273548549032,204.19273548549032,204.19273548549032,0
48,G,4,2089.8041275734486,1242.8850570723416,2089.8041275734486,2089.8041275734486,0
48,F,5,6279.960127933821,5195.508431974165,6279.960127933821,5883.743186891887,1
48,C,6,2304.859587235547,2303.4766066041184,2210.147665226431,2210.147665226431,0
48,S,1,148.69769329629395,48.55434883144292,148.69769329629395,148.69769329629395,0
48,R,1,93.201831037861,93.201831037861,93.201831037861,93.201831037861,0
48,O,1,252.76609371539303,56.71482989181949,252.76609371539303,252.76609371539303,0
48,E,6,4514.624211425013,4510.088669166157,4456.242323504883,4358.887390519023,1
48,J,4,5644.64584543755,5019.653590599643,5054.929102116723,4900.734848400201,1
48,D,6,4830.746397002793,4822.5261354193735,4287.090302350538,4149.014962080599,1
48,N,2,4639.509579662337,1241.568394858194,4639.509579662337,4639.509579662337,0
48,I,4,3582.351946726911,3580.026995530521,3582.351946726911,3582.351946726911,0
48,L,3,2353.2716989890787,2352.2450242529176,2333.159070623239,2333.159070623239,0
48,Q,1,939.4278187177413,428.884139297727,939.4278187177413,939.4278187177413,0
48,T,1,1035.8865638630928,1035.8865638630928,1035.8865638630928,1035.8865638630928,0
48,P,1,2578.3596733195677,864.214738148664,2578.3596733195677,2578.3596733195677,0
50,total,70,63371.122523555816,51815.77577756218,58565.24608389516,57585.68733356522,2
50,E,6,1321.7532512761913,1321.093131405255,1078.8283894276835,1078.8283894276835,0
50,B,7,6589.365749545069,6499.417896668001,5617.051203473462,5617.051203473463,0
50,A,8,10651.91064283356,6323.764186216895,10203.533994104895,9937.882524374178,1
50,H,4,3223.6212024351707,1400.5753839442032,3223.6212024351707,3223.6212024351707,0
50,P,1,7.560438210464926,7.560438210464926,7.560438210464926,7.560438210464926,0
50,C,7,6422.748837325945,6419.162865599091,5098.977256744644,4941.573378886575,1
50,F,5,1793.642273696342,1432.8193487524823,1639.118055111438,1639.118055111438,0
50,J,4,3602.2886267728145,3583.9995756503918,3602.2886267728145,3602.2886267728145,0
50,I,4,2607.744564422126,2049.3505752531705,2493.7421905857027,2341.84253787718,1
50,T,1,73.36143366060807,73.36143366060807,73.36143366060807,73.36143366060807,0
50,N,2,1416.2205255784695,1410.3349526986688,1416.2205255784695,1416.2205255784695,0
50,S,1,122.09130420031877,122.09130420031877,122.09130420031877,122.09130420031877,0
50,O,1,359.1639900054206,359.1639900054206,359.1639900054206,359.1639900054206,0
50,L,2,3156.1425509208693,1859.8458111683867,3156.1425509208693,3156.1425509208693,0
50,D,6,7465.381140167658,7457.744492416062,6510.656951211672,6510.656951211673,0
50,K,3,2751.899779099367,2749.615495241393,2751.899779099367,2751.899779099367,0
50,G,4,5429.817187434115,5057.83602534345,4834.57916638085,4429.975416348221,1
50,M,2,2765.7376783792834,1264.2996427897065,2765.7376783792834,2765.7376783792834,0
50,Q,1,2351.2867253696522,1164.354606115836,2351.2867253696522,2351.2867253696522,0
50,R,1,1259.384622222364,1259.384622222364,1259.384622222364,1259.384622222364,0
51,total,70,56296.594213159144,47181.36704781047,53021.017881911874,52720.831797957886,2
51,H,5,2550.044120881559,2536.304712749958,2550.044120881559,2550.044120881559,0
51,C,7,8164.909472921456,8082.798912363289,6448.368844950118,6448.368844950119,0
51,F,5,3276.857806177556,3183.889672896208,3240.165247541111,3240.165247541111,0
51,N,2,230.60432907401378,230.60432907401378,230.60432907401378,230.60432907401378,0
51,L,2,968.3560239014723,342.7743129445524,968.3560239014723,968.3560239014723,0
51,I,4,3200.365702354955,3089.420253375521,3200.365702354955,3177.2048998078844,1
51,E,5,3185.4784997516545,3179.733490719216,3183.7869126292912,3183.7869126292912,0
51,J,4,2898.565342766826,2885.571668724302,2898.565342766826,2898.565342766826,0
51,A,7,4349.344170498129,4345.266245573979,4136.210121396287,4110.987934201922,1
51,O,1,58.466429919033395,6.496269991003711,58.466429919033395,58.466429919033395,0
51,D,6,3683.8802971963046,3679.3540999185107,3660.443016255558,3660.443016255558,0
51,R,1,212.88838472374533,36.095262461811494,212.88838472374533,212.88838472374533,0
51,G,5,3404.24419312956,3392.779230996901,3242.2431640042732,3152.7692187138864,1
51,B,7,8463.76289464668,7224.60246906253,7341.683696297425,7179.354547375258,1
51,K,3,4408.57590072572,1381.5062605568983,4408.57590072572,4408.57590072572,0
51,M,2,2180.0903343741807,949.7220668835225,2180.0903343741807,2180.0903343741807,0
51,T,1,459.77757585476945,459.77757585476945,459.77757585476945,459.77757585476945,0
51,S,1,525.0596035658333,525.0596035658333,525.0596035658333,525.0596035658333,0
51,P,1,704.9821765955186,704.9821765955186,704.9821765955186,704.9821765955186,0
51,Q,1,3370.340954100176,944.6284335021255,3370.340954100176,3370.340954100176,0
52,total,70,63484.210239660235,50849.46758411089,59339.40381741246,56592.55207439261,4
52,L,3,1203.1341561847912,477.49826048511966,1203.1341561847912,1203.1341561847912,0
52,N,2,2167.9232788597474,628.8523948539679,2167.9232788597474,2167.9232788597474,0
52,F,5,3754.3123277226723,3304.96727162127,3754.3123277226723,2539.106629095958,1
52,H,4,4055.632912603403,3285.525029404059,3213.2261585104293,3213.2261585104293,0
52,G,5,4959.499570045062,4949.642982528494,4438.023167918558,4060.8054322455864,1
52,D,6,5207.704901964074,5189.150102709703,4109.71444320062,4109.71444320062,0
52,E,6,6079.530382085543,4028.3601459598794,6036.914319268051,5766.58671115334,1
52,R,1,86.66952357601637,58.01844140212666,86.66952357601637,86.66952357601637,0
52,B,6,3927.2596335477224,3918.531103493524,3702.9329315379923,3702.9329315379923,0
52,C,6,4193.65729167099,4189.7448266194015,3795.8541535563777,3684.8477346837694,2
52,A,7,6310.609282310969,6279.558751257018,6118.96677884019,5719.714888926081,2
52,K,3,2129.375498148884,1860.9312023670136,2129.375498148884,2129.375498148884,0
52,I,4,1640.0016090883566,1639.7075861075891,1500.9163004502032,1500.9163004502032,0
52,M,3,4184.704462982298,2784.266764867202,4184.704462982298,4184.704462982298,0
52,S,1,320.18178643696007,320.18178643696007,320.18178643696007,320.18178643696007,0
52,T,1,540.8240822977622,540.8240822977622,540.8240822977622,540.8240822977622,0
52,J,4,5666.076410451236,3769.3806585711973,4978.61731823715,4604.774926418429,1
52,P,1,2153.187945050168,736.6371004603814,2153.187945050168,2153.187945050168,0
52,O,1,1395.4090903912297,1395.4090903912297,1395.4090903912297,1395.4090903912297,0
52,Q,1,3508.5160942423454,1492.28000227699,3508.5160942423454,3508.5160942423454,0
53,total,70,55882.00608974597,46628.642464655866,51836.483753895154,51045.1674049247,2
53,I,4,3060.8560483257106,3051.5371764370343,3060.8560483257106,3060.8560483257106,0
53,H,5,5371.060748824379,5333.0220008628385,4682.925046781958,4682.925046781958,0
53,C,6,1240.1540410637188,1234.8589030902604,1240.1540410637188,1240.1540410637188,0
53,J,3,1356.1815335573642,1350.1433970354758,1356.1815335573642,1356.1815335573642,0
53,B,6,4282.918558173679,4273.860798790721,4282.918558173679,4169.745860041995,1
53,L,3,2627.4517771106257,2627.4517771106257,2627.4517771106257,2627.4517771106257,0
53,M,2,1755.217342728834,503.5910990908457,1755.217342728834,1755.217342728834,0
53,D,6,7342.079423529349,1928.9051962844649,7328.889971761471,7328.889971761471,0
53,E,6,6020.145631776417,5606.384399219346,4495.288830920343,4495.288830920343,0
53,S,1,42.09709446076095,42.09709446076095,42.09709446076095,42.09709446076095,0
53,A,8,6539.449465013946,6496.072140461403,5352.4143768978865,5265.796301991306,1
53,G,5,2173.71833651091,2167.4969626587927,2082.036460636354,2050.5286693768844,1
53,K,3,2785.739154567379,2291.6793965181723,2785.739154567379,2225.721369894659,1
53,F,5,4822.164906419202,4774.929233366223,4324.604528408763,4324.604528408763,0
53,T,1,256.3523315789595,256.3523315789595,256.3523315789595,256.3523315789595,0
53,P,1,664.5445692286822,95.61223885454288,664.5445692286822,664.5445692286822,0
53,Q,1,239.56955037781344,239.56955037781344,239.56955037781344,239.56955037781344,0
53,O,1,1322.3999018596344,431.80404958681936,1322.3999018596344,1322.3999018596344,0
53,R,1,988.0978557975309,988.0978557975309,988.0978557975309,988.0978557975309,0
53,N,2,2991.807818841079,2935.176863073243,2948.744779657692,2948.744779657692,0
54,total,70,61107.04287602954,50319.205781881254,56684.908794204,55564.09935345372,4
54,F,5,6213.814525650576,3340.4286016577953,6213.814525650576,6089.413878710305,1
54,G,4,1125.01846001831,606.014411429366,1125.01846001831,1125.01846001831,0
54,D,6,2976.7455856996503,2972.3822190132205,2976.7455856996503,2976.7455856996503,0
54,A,9,8159.937077208462,8159.8054256053465,6755.636702345419,6702.823166734467,2
54,P,1,8.031103004162981,2.8911970814986736,8.031103004162981,8.031103004162981,0
54,B,7,6943.096061496253,6935.67868116433,5431.758093705782,5431.758093705783,0
54,C,6,5333.802139265343,5330.748499737664,4895.8326148238675,4895.8326148238675,0
54,I,4,3300.9563389408004,1367.1767445287694,3280.4482181109174,3002.2695299009793,1
54,O,2,2864.3330419932427,870.1191921456572,2864.3330419932427,2864.3330419932427,0
54,M,2,2114.9691607418526,2041.1760284148222,2114.9691607418526,1975.2510658675246,1
54,N,2,1821.2486744582227,1794.4417652823327,1821.2486744582227,1821.2486744582227,0
54,S,1,98.24652242155095,98.24652242155095,98.24652242155095,98.24652242155095,0
54,K,3,2062.093701860318,2060.1436343333353,2062.093701860318,2062.093701860318,0
54,Q,1,319.85292200737143,115.1470519226537,319.85292200737143,319.85292200737143,0
54,T,1,174.11867381037354,174.11867381037354,174.11867381037354,174.11867381037354,0
54,E,5,5955.281210330665,5907.346228826445,5126.896833204735,5030.585237557527,1
54,R,1,274.49553745468256,274.49553745468256,274.49553745468256,274.49553745468256,0
54,L,3,4789.831971278674,1824.310833203911,4789.831971278674,4789.831971278674,0
54,J,3,2788.706665191609,2665.0039853910544,2788.706665191609,2788.706665191609,0
54,H,4,3782.4635031974203,3779.5305484564356,3562.829786422685,3133.442906955099,2
56,total,70,60779.086783336585,48924.932072972544,53990.46312949154,53310.5653386173,2
56,Q,1,0.0,0.0,0.0,0.0,0
56,G,5,3137.656594205363,2159.159404048893,3137.656594205363,3137.656594205363,0
56,N,2,642.4187612448753,92.32361950184766,642.4187612448753,642.4187612448753,0
56,C,6,6417.755877711001,6160.874388010241,5648.2059304641625,5545.957575678607,1
56,B,7,10265.856856857014,5046.031923796849,9453.484472408094,9327.388779494415,1
56,A,7,5768.639489765068,5130.564552064281,4397.6092143024425,4397.6092143024425,0
56,K,3,873.0913997221586,868.2377821547665,582.0758864612976,582.0758864612976,0
56,H,5,3045.8631050729564,3039.9834510311694,2994.291566080303,2554.4807320821556,1
56,T,1,78.58714267036095,3.1434857068144377,78.58714267036095,78.58714267036095,0
56,E,5,2076.112677988621,2074.309107793794,1952.5197272624287,1940.7768180855771,1
56,I,4,4599.681669605449,3412.2881547655534,4599.681669605449,4599.681669605449,0
56,O,1,135.42750071409853,135.42750071409853,110.86015364578134,110.86015364578134,0
56,M,3,2661.4003466577997,2635.939751541244,2280.9359602898294,2280.9359602898294,0
56,L,3,3847.3650246506104,2353.6874194628454,3672.13207259702,3672.13207259702,0
56,R,1,220.17511693924286,220.17511693924286,220.17511693924286,220.17511693924286,0
56,D,5,6594.318630168258,6382.27214945373,5798.766546235246,5798.766546235246,0
56,J,4,3724.7370563743175,3723.09184545316,2359.609215748771,2359.609215748771,0
56,F,5,4523.789535268885,4520.133233622516,3895.2431016103556,3895.2431016103556,0
56,S,1,633.4987339021657,633.4987339021657,633.4987339021657,633.4987339021657,0
56,P,1,1532.711263818348,333.7904530093291,1532.711263818348,1532.711263818348,0
57,total,70,61236.47140421978,48821.54568563876,53981.23792166562,53878.9937920132,1
57,J,4,1832.0508317674671,1020.7694761062323,1674.6828247779445,1674.6828247779445,0
57,F,6,5694.514482146137,5420.867356607469,4090.6433670349147,4090.6433670349143,0
57,K,4,6181.143082810033,2607.722368543817,5672.513547757251,5611.770769805846,1
57,O,1,2.9610739391430485,2.9610739391430485,2.9610739391430485,2.9610739391430485,0
57,H,5,1522.7540976770688,1522.6148389265563,1522.7540976770688,1522.7540976770688,0
57,B,6,3740.5046728017123,3736.67365693626,3244.724621424752,3244.724621424752,0
57,D,6,2938.7980793191523,2933.362233570943,2820.895951892994,2820.8959518929946,0
57,E,6,4555.019626716648,4551.98573992636,3586.6629553574985,3586.6629553574985,0
57,A,7,6863.677040736671,5044.18021913154,5861.365375549968,5861.365375549969,0
57,C,6,6700.644855920595,6596.1799309958715,5895.681834432777,5854.180482731747,1
57,P,1,89.15204782998059,89.15204782998059,66.96309370340764,66.96309370340764,0
57,S,1,97.21825205352572,97.21825205352572,74.43272422848062,74.43272422848062,0
57,T,1,242.25315559064103,47.85247517839823,242.25315559064103,242.25315559064103,0
57,G,5,4478.8460720433895,4455.209144303843,3586.3279379464043,3586.3279379464043,0
57,M,2,1800.6799758056304,1672.168579505484,1800.6799758056304,1800.6799758056304,0
57,L,2,4546.973896576942,1276.9124681651615,4546.973896576942,4546.973896576942,0
57,Q,1,474.2816648198459,474.2816648198459,474.2816648198459,474.2816648198459,0
57,I,4,6132.367800055069,5401.9180166229835,5473.8091275398265,5473.8091275398265,0
57,N,1,1804.5653275901416,331.4507744553321,1804.5653275901416,1804.5653275901416,0
57,R,1,1538.0653680200016,1538.0653680200016,1538.0653680200016,1538.0653680200016,0
58,total,70,54679.15745484419,47409.759614849645,50988.917940538886,50902.50465603171,2
58,D,6,3315.0181193484564,3314.9979183055175,3315.0181193484564,3315.0181193484564,0
58,J,3,657.1021185726343,647.1302538107328,640.725227517677,640.725227517677,0
58,R,1,6.747901886513677,6.747901886513677,6.747901886513677,6.747901886513677,0
58,H,4,3386.1903174715544,3385.5140122405774,3386.1903174715544,3386.1903174715544,0
58,B,8,7878.821364312182,7863.220286839771,7094.332323805301,7094.332323805301,0
58,A,8,5215.750939700677,5207.832439423173,4484.921073441088,4455.452424837971,1
58,F,5,6990.945314025667,3827.471672186509,6983.585963900549,6983.585963900549,0
58,E,5,2036.5253994478749,2032.4650717615382,1651.2735238087016,1619.2913695324478,1
58,C,7,5252.925380345099,5248.122058713004,4771.263862522516,4765.698269092787,1
58,Q,1,62.02971112368087,62.02971112368087,62.02971112368087,62.02971112368087,0
58,G,5,1914.4975995922007,1913.5561730685085,1914.4975995922007,1914.4975995922007,0
58,L,2,304.2793815104363,285.68732382749704,269.4535613889156,250.0566731908454,1
58,M,2,1071.7369431867687,674.1565806885266,1071.7369431867687,1071.7369431867687,0
58,N,2,1028.262641765937,1016.7615328406811,1028.262641765937,1028.262641765937,0
58,K,3,4942.116058873709,3930.111233542889,3692.670906098224,3692.670906098224,0
58,I,4,3802.7028755682154,3779.5854377641244,3802.7028755682154,3802.7028755682154,0
58,P,1,1116.06737429652,714.2831195497729,1116.06737429652,1116.06737429652,0
58,O,1,1072.8501978683587,1072.8501978683587,1072.8501978683587,1072.8501978683587,0
58,S,1,3236.6874204345427,1039.336293895092,3236.6874204345427,3236.6874204345427,0
58,T,1,1387.9003955131714,1387.9003955131714,1387.9003955131714,1387.9003955131714,0
59,total,70,61705.67830180726,50435.62698857201,56592.889390370095,56035.37868940621,1
59,E,5,6055.2879719236025,5505.8279236363705,5560.6456653873665,5560.6456653873665,0
59,K,3,1826.1827864423453,1110.2193258806249,1500.9724553136257,1500.9724553136257,0
59,C,7,6641.611426592957,4265.565991802006,6471.203041927084,5983.406264995101,1
59,J,3,4433.082239454591,1913.4115466210621,4433.082239454591,4433.082239454591,0
59,G,5,4983.379057324145,4970.514131276112,4623.339326729005,4623.339326729005,0
59,B,8,5586.084367181673,5582.964222921864,4118.957055926353,4118.957055926353,0
59,I,4,267.1095203764096,263.296650513243,237.8221818233143,237.8221818233143,0
59,A,9,6932.866583457571,6927.374192962685,5887.816196225994,5887.816196225994,0
59,L,2,1281.745932475454,1257.0210066190728,1281.745932475454,1281.745932475454,0
59,D,5,4327.518214217802,4226.421102241716,4190.1089404340455,4190.1089404340455,0
59,F,5,4519.50384087326,4500.823903187297,3513.471912112388,3443.757988080475,1
59,H,4,5389.309258283193,1616.6220687871728,5311.727339356616,5311.727339356616,0
59,M,2,1575.0291898823632,1575.0291898823632,1575.0291898823632,1575.0291898823632,0
59,O,1,1006.8056305664295,237.52394059893726,1006.8056305664295,1006.8056305664295,0
59,S,1,511.86810391828186,511.86810391828186,511.86810391828186,511.86810391828186,0
59,P,1,363.4151950438799,363.4151950438799,363.4151950438799,363.4151950438799,0
59,R,1,894.6622216706868,894.6622216706868,894.6622216706868,894.6622216706868,0
59,N,2,3047.4527141022045,2650.3022229882226,3047.4527141022045,3047.4527141022045,0
59,Q,1,722.9822959575624,722.9822959575624,722.9822959575624,722.9822959575624,0
59,T,1,1339.7817520628575,1339.7817520628575,1339.7817520628575,1339.7817520628575,0
60,total,70,61214.71988258436,51229.805199098606,56691.060025567655,54836.730315224464,3
60,B,7,11376.609506501965,9227.947648163079,10378.505832825846,10340.411664370014,1
60,F,5,3958.200376754513,3955.548489049609,3940.6569030462033,3940.6569030462033,0
60,L,3,1144.246816186978,1134.746656590446,1144.246816186978,1144.246816186978,0
60,C,7,3760.6964728523153,3760.631096197503,3183.655976374123,3183.655976374123,0
60,I,4,1700.674539784271,1696.5332919317111,1700.674539784271,1489.60860083822,1
60,S,1,17.985478765506485,17.985478765506485,17.985478765506485,17.985478765506485,0
60,P,1,26.12962384924792,26.12962384924792,26.12962384924792,26.12962384924792,0
60,J,3,2300.5145898247547,2079.6122921819333,2300.5145898247547,2300.5145898247547,0
60,D,6,5077.163848518989,2318.128276921493,4963.008615217766,4963.008615217766,0
60,E,6,5612.351533398105,5611.982808479256,5137.465027053315,4895.181377609502,1
60,H,5,4186.347616531738,4036.0045188348436,3591.7220773967492,3591.7220773967492,0
60,G,5,4110.682889073349,4099.7794634551765,3573.142828023457,2846.56638572453,1
60,A,7,10229.379058258726,7349.371525656687,9154.347212506329,9083.173942514863,1
60,K,3,3160.2780461152984,3137.1695563948388,3160.2780461152984,2595.1418049081813,1
60,M,2,1268.3567046559706,824.3200286670476,1133.6236770851797,1133.6236770851797,0
60,Q,1,236.26053689510184,236.26053689510184,236.26053689510184,236.26053689510184,0
60,T,1,773.3372539336591,159.78042436645848,773.3372539336591,773.3372539336591,0
60,N,1,1058.6611362411259,341.02962825590686,1058.6611362411259,1058.6611362411259,0
60,O,1,476.77106430293634,476.77106430293634,476.77106430293634,476.77106430293634,0
60,R,1,740.0727901398157,740.0727901398157,740.0727901398157,740.0727901398157,0
61,total,70,62285.64479586431,49545.619480761314,54054.296509036874,53280.509643062185,3
61,H,4,2456.9571430833994,2352.0960446494146,2025.7577583312627,2021.8864675445257,1
61,S,1,0.7231277787347083,0.7231277787347083,0.7231277787347083,0.7231277787347083,0
61,G,5,3275.7426242612946,1810.8364624989415,3255.77669480708,3255.77669480708,0
61,A,7,5228.809094731136,3969.1629867111324,4360.515338961759,4282.8191884963635,1
61,O,1,12.000666974124524,3.000166743531131,12.000666974124524,12.000666974124524,0
61,J,4,4918.048563953771,2019.355991906065,4819.359238409947,4429.115682475132,1
61,I,4,1725.3160461115094,1723.5174413713073,1518.8458927197516,1518.8458927197516,0
61,F,5,4967.9605991578865,4958.416407124861,4218.561704680783,4218.561704680784,0
61,C,6,7483.9470974678225,5211.235704206728,6740.173441088042,6740.173441088042,0
61,B,7,7863.801801134607,7027.747034687706,6238.016506860236,6238.016506860236,0
61,D,6,7382.642046052309,6772.836880493156,5571.58020774118,5558.727793940458,1
61,T,1,82.05789030879055,82.05789030879055,61.634593165269344,61.634593165269344,0
61,K,4,3555.6641604270953,3039.138953567286,3220.9342400394016,3183.6531569387234,1
61,P,1,101.6159862329187,101.6159862329187,101.6159862329187,101.6159862329187,0
61,L,3,3683.8756376599904,3138.4929543777134,2799.6412188601453,2799.6412188601453,0
61,N,2,1769.1162637772024,1430.2059585945256,1769.1162637772024,1769.1162637772024,0
61,M,2,1088.5936395047402,1071.2245657368874,1088.5936395047402,1088.5936395047402,0
61,E,5,4845.3119730982435,4203.74518502241,4407.989554955562,4156.147183069213,1
61,R,1,659.601918846143,257.6569995492746,659.601918846143,659.601918846143,0
61,Q,1,1183.8585153025826,372.55273919992044,1183.8585153025826,1183.8585153025826,0
63,total,70,61675.575404045136,50061.78746600337,54051.88755241094,53937.80711524956,1
63,A,8,7183.982502530629,7183.670464075881,5600.506079378151,5600.50607937815,0
63,J,3,2286.508812034129,2143.0429539353954,2286.508812034129,2286.508812034129,0
63,F,6,3639.28893519579,3621.2686835480117,2922.9179473720956,2922.9179473720956,0
63,T,1,5.934303180340519,1.4835757950851298,5.934303180340519,5.934303180340519,0
63,D,6,7970.411925229196,4961.714910942304,6611.615473106238,6555.60469691789,1
63,E,6,2339.0197868297564,2338.863142246382,2339.0197868297564,2339.0197868297564,0
63,K,3,3429.798917305546,1940.0768671670726,3429.798917305546,3429.798917305546,0
63,B,7,5111.419814313105,2893.659201595411,5092.014081093089,5092.014081093089,0
63,M,2,1404.2706705700134,1393.448110945705,1404.2706705700134,1404.2706705700134,0
63,G,4,4068.6539179666024,2911.3750853037304,3954.8165445296854,3896.7468835566583,1
63,C,7,9477.162712775407,8175.890311315136,6992.412025793068,6992.412025793068,0
63,H,4,3807.9622683687453,3120.9585639319384,3405.2371984037636,3405.2371984037636,0
63,N,2,1308.2497173941156,1308.2497173941156,1308.2497173941156,1308.2497173941156,0
63,Q,1,433.1681541378562,138.3845331744758,433.1681541378562,433.1681541378562,0
63,I,4,4310.891269227697,4286.781045526232,3366.566144296872,3366.566144296872,0
63,L,2,1042.1933578599796,1033.526129373815,1042.1933578599796,1042.1933578599796,0
63,P,1,267.231045001686,267.231045001686,267.231045001686,267.231045001686,0
63,R,1,1079.4824334679397,284.65533855509585,1079.4824334679397,1079.4824334679397,0
63,S,1,989.8774781063215,537.4404036255929,989.8774781063215,989.8774781063215,0
63,O,1,1520.0673825502815,1520.0673825502815,1520.0673825502815,1520.0673825502815,0
64,total,70,59324.377397094955,49555.45407061094,55314.17590475887,54723.19481280746,2
64,B,7,5739.083171582857,5728.115488285062,4198.613709493162,4198.613709493162,0
64,M,2,80.73937776478608,17.28221498009113,80.73937776478608,80.73937776478608,0
64,A,8,5449.081671721937,5446.482317708287,4854.771662318928,4640.837550729888,1
64,D,6,2714.7161540220213,2714.6926298910316,2679.3387304571534,2679.3387304571534,0
64,F,5,3301.097211585168,3294.9053352667293,3261.5168874943756,3261.5168874943756,0
64,C,7,5487.998412032813,5212.828591562002,5487.998412032813,5487.998412032813,0
64,E,6,4805.968679965551,4774.0009265411845,4236.568101732467,4236.568101732467,0
64,K,3,2694.999939738739,2307.3865238556505,2694.999939738739,2682.782052864278,1
64,L,2,1038.5161271890659,1021.9110409212741,1038.5161271890659,1038.5161271890659,0
64,G,5,4861.207353624177,4857.972623579201,4528.564713715487,4265.676524335312,1
64,I,4,2178.5737802750173,2172.4896851050353,2156.054509130694,2054.1136050229825,1
64,H,4,4691.334512220723,3365.616362572644,4275.66657949281,4275.66657949281,0
64,S,1,684.319556694297,205.79433078527768,684.319556694297,684.319556694297,0
64,J,4,7617.942757992222,3442.338613166259,7157.7089068185,7157.7089068185005,0
64,Q,1,1039.620836983987,287.9836113529049,1039.620836983987,1039.620836983987,0
64,O,1,1251.7903677173474,479.71104794610363,1251.7903677173474,1251.7903677173474,0
64,T,1,672.9435254777544,672.9435254777544,672.9435254777544,672.9435254777544,0
64,R,1,1092.8933487612571,1092.8933487612571,1092.8933487612571,1092.8933487612571,0
64,N,1,1255.8467157465852,1255.8467157465852,1255.8467157465852,1255.8467157465852,0
64,P,1,2665.7038959986426,1204.259137106616,2665.7038959986426,2665.7038959986426,0
65,total,70,64571.367929354776,51501.18660419205,57509.97452593317,57395.44192643623,2
65,N,2,949.4701314352039,237.36753285880098,949.4701314352039,949.4701314352039,0
65,M,2,3378.5915725075824,871.0960739866462,3378.5915725075824,3378.5915725075824,0
65,B,7,5238.909764623442,5238.065396317138,4909.292907543258,4887.752959315859,1
65,A,8,11915.117469914421,9511.4447848796,10098.952890395884,10098.952890395884,0
65,O,2,329.1508676877568,320.25124915217026,329.1508676877568,329.1508676877568,0
65,S,1,7.037855185999295,7.037855185999295,7.037855185999295,7.037855185999295,0
65,G,5,6067.502975343796,2052.1845340666655,6066.923403359597,6066.923403359597,0
65,L,2,97.13101992342675,20.411763695178,97.13101992342675,97.13101992342675,0
65,J,4,2832.2947012279456,1702.899338466191,2492.2561034735336,2492.256103473533,0
65,F,5,5167.7012367837,5150.071831600359,3599.4360528593065,3599.436052859306,0
65,C,6,5542.167854729868,5532.294426484159,5464.454883045929,5399.529797978278,1
65,D,6,7734.686692730889,7668.474077608846,6549.103578974751,6549.103578974751,0
65,R,1,76.08751983592151,76.08751983592151,76.08751983592151,76.08751983592151,0
65,I,4,4974.657991350496,3095.3779427207505,4834.427288173248,4834.427288173248,0
65,P,1,336.2298602941473,128.84999181340336,336.2298602941473,336.2298602941473,0
65,K,3,1644.7503704116973,1637.0351712517827,1153.1089503505405,1127.0110856198696,1
65,E,5,4120.459030467272,4096.8698366399,3411.470383445506,3409.5006819742975,1
65,H,4,2789.0925587979686,2785.0388215252997,2386.5208013383344,2386.5208013383344,0
65,Q,1,600.8617639594943,600.8617639594943,600.8617639594943,600.8617639594943,0
65,T,1,769.4666921437517,769.4666921437517,769.4666921437517,769.4666921437517,0
66,total,70,65540.54582533505,51394.5952565636,57497.14745747496,57241.534094896895,2
66,D,7,5527.498225971934,1620.3224045704933,5501.347288374668,5501.347288374668,0
66,Q,1,0.7476986011121795,0.7476986011121795,0.7476986011121795,0.7476986011121795,0
66,J,3,3152.52109911009,2288.661129688593,3152.52109911009,3152.52109911009,0
66,C,7,4429.083730848144,4426.017757164384,4030.5283713605468,4030.5283713605468,0
66,B,7,8464.043506256061,8406.317402638051,6028.4707380189075,6028.470738018907,0
66,K,3,825.6243537637371,307.36316169896963,825.6243537637371,825.6243537637371,0
66,I,3,891.9791146676097,887.6051001019534,891.9791146676097,891.9791146676097,0
66,F,5,5854.8903538999075,4020.871359704625,5706.69876358355,5683.358096728491,1
66,E,6,7344.4853496840105,7340.359942777108,5577.980194945796,5462.110479466847,1
66,A,7,6669.677599993823,6648.082869666848,5166.56289305995,5137.035576994013,1
66,H,4,2462.994450639033,2455.6439341681335,2462.994450639033,2462.994450639033,0
66,N,2,796.857360950729,453.9269465833328,776.9173902281276,776.9173902281276,0
66,M,2,986.4547276661622,971.7071928896945,986.4547276661622,986.4547276661622,0
66,L,3,4401.095467979395,833.3914435465022,4401.095467979395,4401.095467979395,0
66,S,1,181.4254798007587,181.4254798007587,181.4254798007587,181.4254798007587,0
66,G,5,7699.145438002889,7597.06083481509,5953.777558175861,5866.901893997746,1
66,T,1,1047.1852770551723,404.6464657137955,1047.1852770551723,1047.1852770551723,0
66,R,1,1161.8323588741769,569.2978558483467,1161.8323588741769,1161.8323588741769,0
66,P,1,948.5948266138222,948.5948266138222,948.5948266138222,948.5948266138222,0
66,O,1,2694.4094049564815,1032.551449971985,2694.4094049564815,2694.4094049564815,0
69,total,70,65760.93838483293,56570.570496393586,61842.78425139997,61665.3734551962,2
69,E,6,8853.548000627656,5352.350075058381,8853.548000627656,8789.168960022422,1
69,D,6,2525.311878108452,2519.8085597522977,2102.5716444357895,2102.5716444357895,0
69,G,4,1978.9976145441533,1974.3262787045912,1929.958046273514,1909.4250208473982,1
69,K,3,271.93216458528,271.93216458528,271.93216458528,271.93216458528,0
69,N,2,799.570909566323,799.570909566323,799.570909566323,799.570909566323,0
69,F,5,3035.3055210875855,3026.9773803911535,2857.526185392081,2857.526185392081,0
69,A,7,6198.309535227242,6198.203716574129,5398.297540984249,5398.297540984249,0
69,M,3,3136.9314636224854,1847.3383290533502,3116.9211867100744,3116.9211867100744,0
69,C,7,10133.442351869602,10129.23122008509,9309.733034988709,9259.548264656842,1
69,H,4,2213.285711847284,2202.5682422928544,2095.7670973392183,2095.7670973392187,0
69,J,3,2487.17403371867,2485.7871720160947,2282.237063750961,2282.237063750961,0
69,B,7,8138.867218149819,8129.005047139879,7504.217416884076,7461.903457043518,1
69,S,1,299.9466499361524,74.9866624840381,299.9466499361524,299.9466499361524,0
69,L,3,5278.792426022629,2718.236398872794,5258.82181705028,5258.82181705028,0
69,Q,1,533.1439676440531,381.7184620410084,533.1439676440531,533.1439676440531,0
69,O,1,295.31094690325335,295.31094690325335,295.31094690325335,295.31094690325335,0
69,I,4,5129.906062470913,5095.389531835182,4482.118649426916,4482.118649426916,0
69,R,1,2324.7671682428127,941.4346383793209,2324.7671682428127,2324.7671682428127,0
69,P,1,1086.4981531154742,1086.4981531154742,1086.4981531154742,1086.4981531154742,0
69,T,1,1039.8966075430883,1039.8966075430883,1039.8966075430883,1039.8966075430883,0
